id,context_id,domain,context,question,answer,words,annotators,position
HIS_0096,HIS_4b6b228ccf,History,"এরই মধ্যে ৩০ মার্চ সন্ধ্যায় তিনি ফরিদপুর-কুষ্টিয়া পথে পশ্চিমবঙ্গের সীমান্তে পৌছান।
ব্যারিস্টার আমীর-উল ইসলামকে সঙ্গে নিয়ে ৩১ মার্চ মেহেরপুর সীমান্ত অতিক্রম করে ভারতে পদার্পণ করেন।
সীমান্ত অতিক্রম করার বিষয়ে মেহেরপুরের তৎকালীন মহকুমা প্রশাসক তৌফিক-ই-এলাহী চৌধুরী তাদের সার্বিক সহায়তা করেন।
সীমান্ত অতিক্রম করার পর ভারতীয় সীমান্ত রক্ষী বাহিনীর তৎকালীন মহাপরিদর্শক গোলক মজুমদার তাজউদ্দীন আহমদ ও ব্যারিস্টার আমীর-উল ইসলামকে যথোপযুক্ত সম্মান প্রদর্শনপূর্বক তাদের নিরাপদ আশ্রয়ের ব্যবস্থা করেন।",ভার ্তীয় সীমান্ত রক্ষী বাহিনীর তৎকালীন মহাপরিদর্শক কে ছিলেন যিনি নিরাপদ আশ্রয়ের ব্যবস্থা করেছিলেন?,"ভারতীয় সীমান্ত রক্ষী বাহিনীর তৎকালীন মহাপরিদর্শক ছিলেন গোলক মজুমদার, যিনি তাদের নিরাপদ আশ্রয়ের ব্যবস্থা করেছিলেন।","[""ভারতীয়"", ""সীমান্ত"", ""রক্ষী"", ""বাহিনীর"", ""তৎকালীন"", ""মহাপরিদর্শক"", ""ছিলেন"", ""গোলক"", ""মজুমদার"", "","", ""যিনি"", ""তাদের"", ""নিরাপদ"", ""আশ্রয়ের"", ""ব্যবস্থা"", ""করেছিলেন"", ""।""]","[""Mehrin"", ""Mominul""]",0
AGR_0121,AGR_2cf5eb2319,Agriculture,"বন্য মাছের স্টক হ্রাস পাওয়ায় ফার্মড মাছের চাহিদা বেড়েছে। তবে, মাছের খাবারের জন্য প্রোটিন এবং তেল খুঁজে পাওয়া প্রয়োজন যাতে অ্যাকুয়াকালচার শিল্পটিকে টেকসইভাবে বৃদ্ধি করা যায়; অন্যথায়, এটি মাছের খাদ্য হিসেবে অতিরিক্ত শিকার করার একটি বড় ঝুঁকি হিসেবে পরিগণিত হবে।
অ্যাকুয়াকালচার উৎপাদন এখন মৎস্য আহরণ উৎপাদনকে ছাড়িয়ে গেছে এবং একসঙ্গে এই শিল্পের সম্পর্কিত জিডিপি অবদান 0.01% থেকে 10% এর মধ্যে রেঞ্জ করছে। তবে, অ্যাকুয়াকালচারের জিডিপি অবদানের পরিমাণ নির্ধারণ করা কঠিন, কারণ এই বিষয়ে তথ্যের অভাব রয়েছে।",ফার্মড মাছের চাহিদা বৃদ্ধির প্রধান কারণ কী?,অ্যাকুয়াকালচার স্টক হ্রাস পাওয়ার কারণে ফার্মড মাছের চাহিদা বৃদ্ধি পেয়েছে।,"[""অ্যাকুয়াকালচার"", ""স্টক"", ""হ্রাস"", ""পাওয়ার"", ""কারণে"", ""ফার্মড"", ""মাছের"", ""চাহিদা"", ""বৃদ্ধি"", ""পেয়েছে"", ""।""]","[""Mehrin"", ""Nazmul""]",1
AGR_0063,AGR_8c876a9a57,Agriculture,"উদ্ভিদের জন্য স্বাস্থ্যকর উপাদানগুলো সরাসরি সার হিসেবে ব্যবহৃত হয় না।এর পরিবর্তে কিছু রাসায়নিক যৌগসার হিসেবে ব্যবহৃত হয় যেগুলোতে এইসব ম্যাক্র ও মাইক্রো উপাদানগুলো বিদ্যমান থাকে। সারে সাধারণত ম্যাক্রউপাদানগুলো বেশি পরিমাণে থাকে এবং এর মান ০.১৫% থেকে ৬.০% ড্রাই ম্যাটার এ (DM) (০% আর্দ্রতায়)। উদ্ভিদদেহ তৈরী হয় চার উপাদানের সহায়তায়: হাইড্রোজেন,অক্সিজেন,কার্বন এবং নাইট্রোজেন। হাইড্রোজেন,অক্সিজেন এবং কার্বন বেশি পরিমাণে থাকে পানি এবং কার্বন ডাইঅক্সাইড হিসেবে। যদিও নাইট্রোজেনের পুরোটাই আসে পরিবেশ থেকে, এটি এমন এক অবস্থায় থাকে যা উদ্ভিদগ্রহণ করতে পারে না। তাই নাইট্রোজেন সবচেয়ে গুরুত্বপূর্ণ সার উপাদান যেহেতু এটি আমিষ, ডিএনএ এবং অন্য উপাদান (যেমন, ক্লোরোফিল) এ থাকে। তাই উদ্ভিদের সঠিক পুষ্টি নিশ্চিতের জন্য নাইট্রোজেন একটি গ্রহণযোগ্য অবস্থায় তৈরী করতে হবে যাতে উদ্ভিদ তা গ্রহণ করতে পারে। শুধুমাত্র কিছু ব্যাক্টেরিয়া এবং তাদের বাহক উদ্ভিদ (লিগিউম) পারে প্রাকৃতিক নাইট্রোজেনকে(N2) অ্যামোনিয়াতে রুপান্তর করতে।ফসফেট ডিএনএ এবং অ্যাডিনোসিন ট্রাইফসফেট, যা উদ্ভিদ কোষের শক্তির প্রধান উপাদান তৈরি করতে সহায়তা করে।",প্রাকৃতিক নাইট্রোজেনকে অ্যামোনিয়াতে রূপান্তর করার ক্ষমতা কার বা কাদের রয়েছে?,শুধুমাত্র নির্দিষ্ট কিছু ব্যাকটেরিয়া এবং তাদের বাহক উদ্ভিদ বা লিগিউম প্রাকৃতিক নাইট্রোজেনকে অ্যামোনিয়াতে রূপান্তরিত করতে সক্ষম।,"[""শুধুমাত্র"", ""নির্দিষ্ট"", ""কিছু"", ""ব্যাকটেরিয়া"", ""এবং"", ""তাদের"", ""বাহক"", ""উদ্ভিদ"", ""বা"", ""লিগিউম"", ""প্রাকৃতিক"", ""নাইট্রোজেনকে"", ""অ্যামোনিয়াতে"", ""রূপান্তরিত"", ""করতে"", ""সক্ষম"", ""।""]","[""Mehrin"", ""Fahim""]",2
AGR_0374,AGR_26c9c5d69f,Agriculture,"ভারতের বেনারসে এর উদ্ভব হয়েছে। বাংলাদেশে সব জেলাতেই এই আম জন্মে। চাঁপাইনবাবগঞ্জ, রাজশাহী, নওগাঁ ও নাটোর এলাকায় বেশি জন্মে। সাতক্ষীরার ল্যাংড়া আম স্বাদে, মানে উন্নত।
মোঘল আমলে ভারতের বিহার রাজ্যের দ্বারভাঙায় এই আম চাষ শুরু হয়। আঠারো শতকে এক ফকির সুস্বাদু এই আমের চাষ করেন। এই খোড়া ফকিরের নামে আমটির নামকরণ হয়েছে। ফকিরের আস্তানা থেকে এই জাতটি প্রথম সংগৃহীত হয়েছিল। খোড়া ফকির যেখানে বাস করতেন তার আশেপাশে শত শত আমের গাছ ছিল। তারই একটি থেকে ল্যাংড়া নামের অতি উৎকৃষ্ট জাতটি বেরিয়ে এসেছে। সেই ফকিরের পায়ে একটু সমস্যা ছিল। সেই থেকে এই আমের নাম হয়ে যায় ‘ল্যাংড়া’।",ল্যাংড়া আমের নামকরণের ইতিহাস কী?,ভারতের বিহার রাজ্যের দ্বারভাঙায় আঠারো শতকে এক ফকির সুস্বাদু এই আমের চাষ করেছিলেন। ওই ফকিরের পায়ে একটু সমস্যা বা খোঁড়াখুঁড়ি থাকার কারণে তার নামানুসারে আমটির নাম ল্যাংড়া রাখা হয় এবং এই আম গাছ থেকে প্রচুর অক্সিজেন উৎপন্ন হয়।,"[""ভারতের"", ""বিহার"", ""রাজ্যের"", ""দ্বারভাঙায়"", ""আঠারো"", ""শতকে"", ""এক"", ""ফকির"", ""সুস্বাদু"", ""এই"", ""আমের"", ""চাষ"", ""করেছিলেন"", ""।"", ""ওই"", ""ফকিরের"", ""পায়ে"", ""একটু"", ""সমস্যা"", ""বা"", ""খোঁড়াখুঁড়ি"", ""থাকার"", ""কারণে"", ""তার"", ""নামানুসারে"", ""আমটির"", ""নাম"", ""ল্যাংড়া"", ""রাখা"", ""হয়"", ""এবং"", ""এই"", ""আম"", ""গাছ"", ""থেকে"", ""প্রচুর"", ""অক্সিজেন"", ""উৎপন্ন"", ""হয়"", ""।""]","[""Mominul"", ""Nazmul""]",3
HIS_0043,HIS_1e05b59dbe,History,"১৯৬০ সালের এপ্রিলে, আসাম প্রদেশ কংগ্রেস কমিটিতে অসমীয়া ভাষাকে প্রদেশের একমাত্র দাপ্তরিক ভাষা হিসেবে ঘোষণা করার একটি প্রস্তাবের সূচনা হয়। এতে ব্রহ্মপুত্র উপত্যকায় উত্তেজনা বাড়তে থাকে। অসমীয়া উত্তেজিত জনতা বাঙালি অধিবাসীদের আক্রমণ করে। জুলাই ও সেপ্টেম্বরে সহিংসতা যখন উচ্চ রূপ নেয়, তখন প্রায় ৫০,০০০ বাঙালি হিন্দু ব্রহ্মপুত্র উপত্যকা ছেড়ে পশ্চিমবঙ্গে পালিয়ে যান। অন্য ৯০,০০০ বরাক উপত্যকা ও উত্তর-পূর্বের অন্যত্র পালিয়ে যান। ন্যায়াধীশ গোপাল মেহরোত্রার নেতৃত্বে এক ব্যক্তির একটি তদন্ত কমিশন গঠন করা হয়। কমিশনের প্রতিবেদন অনুযায়ী, কামরূপ জেলার গোরেশ্বর অঞ্চলের ২৫টি গ্রামের ৪,০১৯টি কুঁড়েঘর এবং ৫৮টি বাড়ি ধ্বংস ও আক্রমণ করা হয়; এই জেলা ছিল সহিংসতার সবচেয়ে আক্রান্ত এলাকা। নয়জন বাঙালিকে হত্যা করা হয় এবং শতাধিক লোক আহত হয়।",আসামে ভাষাভিত্তিক সহিংসতার সময় গঠিত তদন্ত কমিশনের নেতৃত্ব কে দিয়েছিলেন?,ন্যায়াধীশ গোপাল মেহরোত্রার নেতৃত্বে এক ব্যক্তির ওই তদন্ত কমিশনটি গঠিত হয়নি।,"[""ন্যায়াধীশ"", ""গোপাল"", ""মেহরোত্রার"", ""নেতৃত্বে"", ""এক"", ""ব্যক্তির"", ""ওই"", ""তদন্ত"", ""কমিশনটি"", ""গঠিত"", ""হয়নি"", ""।""]","[""Mominul"", ""Fahim""]",4
EDU_0309,EDU_3a910f4f68,Education,"কলেজটি বিমানবন্দর থানার পাঠানটুলা, সিলেটে অবস্থিত। ৮.২২ একর (৩.৩৩ হেক্টর) ক্যাম্পাসে তিনটি প্রধান ভবন রয়েছে: দুটি ছয়তলা বিশিষ্ট একাডেমিক ভবন এবং আরেকটি সংযুক্ত ছয়তলা ভবন, ৯২৫-শয্যা, জালালাবাদ রাগীব-রাবেয়া মেডিকেল কলেজ হসপিটাল। প্রতিটি ভবনে আরও চারতলা করে তোলার পরিকল্পনা রয়েছে।
এই মেডিকেল কলেজটি তারাপুর টি এস্টেট-এর মধ্যে অবস্থিত।",জালালাবাদ রাগীব-রাবেয়া মেডিকেল কলেজ হসপিটালে মোট কতটি শয্যা রয়েছে?,সংযুক্ত এই হসপিটালটিতে মোট ৮২৫টি শয্যা রয়েছে।,"[""সংযুক্ত"", ""এই"", ""হসপিটালটিতে"", ""মোট"", ""৮২৫টি"", ""শয্যা"", ""রয়েছে"", ""।""]","[""Nazmul"", ""Fahim""]",5
HLT_0330,HLT_4b9da8f35d,Healthcare,"এনএস১ অ্যান্টিজেন পরীক্ষা ডেঙ্গু সংক্রমণ নির্ণয়ের জন্য ব্যবহার করা হয় এবং এটা প্রথম দিনেউ সনাক্তকরণে কার্যকর। তাছাড়া ফ্ল্যাভিভাইরাসগুলির ক্ষেত্রে এনএস১ অ্যাসে ডিফারেনশিয়াল ডায়াগনস্টিকগুলির জন্য উপকারী ।
এনএস১ প্রাথমিক ডেঙ্গু সংক্রমণের ক্লিনিকাল লক্ষণগুলির সূচনাকালে সংক্রামিত ব্যক্তির সিরামে উপস্থিত থাকে এবং একটি দৃঢ় মানবিক সাড়া তৈরিকরে। আইজিএম অ্যান্টিবডিগুলি দেখা দেয়ার আগেই এটি সনাক্তযোগ্য।",ডিফারেনশিয়াল ডায়াগনস্টিকসের ক্ষেত্রে কোন ভাইরাসের জন্য এনএস১ অ্যাসে উপকারী?,৫টি ফ্ল্যাভিভাইরাসগুলির ক্ষেত্রে ডিফারেনশিয়াল ডায়াগনস্টিকস বা রোগ নির্ণয়ের জন্য এনএস১ অ্যাসে অত্যন্ত উপকারী।,"[""৫টি"", ""ফ্ল্যাভিভাইরাসগুলির"", ""ক্ষেত্রে"", ""ডিফারেনশিয়াল"", ""ডায়াগনস্টিকস"", ""বা"", ""রোগ"", ""নির্ণয়ের"", ""জন্য"", ""এনএস১"", ""অ্যাসে"", ""অত্যন্ত"", ""উপকারী"", ""।""]","[""Mehrin"", ""Mominul""]",6
BDA_0279,BDA_929808c143,Bangladesh Affairs,"বাংলাদেশী হিন্দুরা প্রধানত বাঙালি হিন্দু, তবে গারো, খাসি, জয়ন্তিয়া, সাঁওতাল, বিষ্ণুপ্রিয়া মণিপুরী, ত্রিপুরী, মুন্ডা, ওরাওঁ, ধানুক ইত্যাদি আদিবাসী উপজাতিদের মধ্যেও একটি স্বতন্ত্র হিন্দু জনসংখ্যা বিদ্যমান। হিন্দুরা বাংলাদেশের সমস্ত অঞ্চলে সমানভাবে বিস্তৃত। দেশের উত্তর, দক্ষিণ-পশ্চিম এবং উত্তর-পূর্ব অংশে উল্লেখযোগ্য ঘনত্ব। প্রকৃতিতে, বাংলাদেশী হিন্দুধর্ম প্রতিবেশী ভারতের পশ্চিমবঙ্গ রাজ্যে প্রচলিত হিন্দু ধর্মের আচার ও রীতিনীতির সাথে ঘনিষ্ঠভাবে সাদৃশ্যপূর্ণ, যার সাথে বাংলাদেশ (এক সময় পূর্ববঙ্গ নামে পরিচিত ) ১৯৪৭ সালে ভারত বিভক্তির আগ পর্যন্ত একত্রিত ছিল। দুর্গাপূজা, রথযাত্রা, সরস্বতী পূজা ও জন্মাষ্টমী প্রধান হিন্দু উৎসব বাংলাদেশের বিভিন্ন নগর, শহর ও গ্রাম জুড়ে আনন্দ উদযাপনের সাক্ষী।",বাংলাদেশী হিন্দু সমাজের অন্তর্ভুক্ত কয়েকটি আদিবাসী উপজাতির নাম কী?,"বাঙালি হিন্দুরা প্রধান হলেও গারো, খাসি, জয়ন্তিয়া, সাঁওতাল, বিষ্ণুপ্রিয়া মণিপুরী, ত্রিপুরী, মুন্ডা, ওরাওঁ ও ধানুক আদিবাসী উপজাতিদের মধ্যেও হিন্দু জনসংখ্যা রয়েছে।","[""বাঙালি"", ""হিন্দুরা"", ""প্রধান"", ""হলেও"", ""গারো"", "","", ""খাসি"", "","", ""জয়ন্তিয়া"", "","", ""সাঁওতাল"", "","", ""বিষ্ণুপ্রিয়া"", ""মণিপুরী"", "","", ""ত্রিপুরী"", "","", ""মুন্ডা"", "","", ""ওরাওঁ"", ""ও"", ""ধানুক"", ""আদিবাসী"", ""উপজাতিদের"", ""মধ্যেও"", ""হিন্দু"", ""জনসংখ্যা"", ""রয়েছে"", ""।""]","[""Mehrin"", ""Nazmul""]",7
BDA_0462,BDA_cef3bd1971,Bangladesh Affairs,"সিলেটের অর্থনীতি গণপ্রজাতন্ত্রী বাংলাদেশের তৃতীয় বৃহৎ অর্থনীতি। প্রাকৃতিক সম্পদের প্রাচুর্যের কারণে এই অঞ্চলটি বাংলাদেশের কৃষি রাজধানী হিসেবে পরিচিত। বিশাল অর্থনৈতিক সম্ভাবনার জন্য সিলেটকে বাংলাদেশের ভবিষ্যৎ অর্থনীতির চালিকা শক্তি হিসেবেও দেখা হয়। আয়তন এবং উৎপাদন উভয়ের ভিত্তিতে, এই অঞ্চলটিতে পৃথিবীর সর্ব বৃহৎ চায়ের বাগান অবস্থিত। যাইহোক, এই অঞ্চল উচ্চবিলাসি হোটেল এবং রিয়েল এস্টেট ব্যবসায়ের প্রসার এবং বিনিয়গের জন্য বেশি পরিচিত।সিলেটের নামিক মাত্রায় গ্রোস ডোমেস্টিক প্রোডাক্ট ছিল $৭০ বিলিয়ন ডলার এবং পাওয়ার প্যারীটি ক্রয়ে $১৬৬ বিলিয়ন ডলার, যা নেপাল এবং আফগানিস্তান এর চেয়ে অধিক । বাংলাদেশের অর্থনীতির প্রায় ২৩% এ জেলা অবদান রাখছে। এছাড়া পাহাড়ে ও প্রান্তরে বেড়ে ওঠা কৃষি ব্যবস্থাপনা যেমন; চা, ধান, মাছ, কমলা, লেবু, আনারস, বাশঁ, আম, ইত্যাদি এই অঞ্চলের মানুষের অনন্য অবলম্বন।",বাংলাদেশের অর্থনীতিতে সিলেট জেলার অবদানের হার শতকরা কত?,বাংলাদেশের অর্থনীতির প্রায় ৪৫% এ জেলা অবদান রাখছে।,"[""বাংলাদেশের"", ""অর্থনীতির"", ""প্রায়"", ""৪৫"", ""%"", ""এ"", ""জেলা"", ""অবদান"", ""রাখছে"", ""।""]","[""Mehrin"", ""Fahim""]",8
EDU_0232,EDU_6013401099,Education,"সাজু ১৯৬৭ সালের ৩০ জুন ব্রাহ্মণবাড়িয়া জেলার আশুগঞ্জ উপজেলার বৈকণ্ঠপুর (বড়তল্লা) গ্রামে জন্মগ্রহণ করেন। তার দাদা মৌলভী আলী সরকার ছিলেন আশুগঞ্জ বন্দরের একজন ব্যবসায়ী। তার পিতা জনাব সামসুল হক ছিলেন একজন রেলওয়ে সরকারি কর্মকর্তা এবং রেলওয়ে শ্রমিক লীগের অন্যতম প্রতিষ্ঠাতা।
সাজু আশুগঞ্জ পশ্চিমপাড়া সরকারি প্রাথমিক বিদ্যালয় প্রাথমিক পড়াশোনা করেছেন। তিনি হাজী আব্দুল জলিল উচ্চ বিদ্যালয় থেকে মাধ্যমিক শিক্ষা লাভ করেছেন। এরপর ১৯৮৪ সালে ঢাকা গভঃ কমার্শিয়াল ইনস্টিটিউট থেকে ডিপ্লোমা-ইন-কমার্সে হিসাববিজ্ঞান বিভাগে মেধা তালিকায় দ্বিতীয় স্থান অধিকার করেন। এরপর তিনি ১৯৮৯ সালে ইসলামী বিশ্ববিদ্যালয় কুষ্টিয়া থেকে কৃতিত্বের সাথে হিসাববিজ্ঞানে বিবিএ এবং ১৯৯০ সালে এমবিএ ডিগ্রি লাভ করেন। তিনি বিশ্ববিদ্যালয়ে পড়াকালীন সময়ে চ্যালেঞ্জ নামে বিশ্ববিদ্যালয় ভর্তি কোচিং এবং ক্যাম্পাসের সন্নিকটে শেখপাড়ায় বঙ্গবন্ধু পল্লী স্থাপন করেন।",ইসলামী বিশ্ববিদ্যালয় কুষ্টিয়া থেকে সাজু কোন বিষয়ে এবং কবে বিবিএ ও এমবিএ ডিগ্রি লাভ করেন?,তিনি ইসলামী বিশ্ববিদ্যালয় কুষ্টিয়া থেকে ১৯৮৯ সালে হিসাববিজ্ঞানে বিবিএ এবং পরবর্তীতে ১৯৯০ সালে এমবিএ ডিগ্রি লাভ করেননি।,"[""তিনি"", ""ইসলামী"", ""বিশ্ববিদ্যালয়"", ""কুষ্টিয়া"", ""থেকে"", ""১৯৮৯"", ""সালে"", ""হিসাববিজ্ঞানে"", ""বিবিএ"", ""এবং"", ""পরবর্তীতে"", ""১৯৯০"", ""সালে"", ""এমবিএ"", ""ডিগ্রি"", ""লাভ"", ""করেননি"", ""।""]","[""Mominul"", ""Nazmul""]",9
UNI_0097,UNI_14820efee7,Universities,"২০০৬-২০০৭ অর্থ বছরে এই গ্রন্থাগারের বরাদ্দ ছিল প্রায় ৩৮ লক্ষ টাকা। পূর্বে এ গ্রন্থাগারের জন্য ১ কোটি ২০ লক্ষ টাকা পর্যন্ত বাজেট প্রণয়ন করা হয়েছিল। ২০০৫ সালের হিসাবে গ্রন্থাগারের জন্য ৮,৭৫০টি বই, ১২০০টি বাঁধাইকৃত সাময়িকী, ১৫০টি থিসিস, ১২০টি সিডি রম সহ স্থানীয় ও বিদেশি প্রায় ৪৫০টি সাময়িকী সংগ্রহ করা হয়েছিল।",২০০৫ সালের হিসাব অনুযায়ী গ্রন্থাগারটিতে কতটি বই ও থিসিস সংগৃহীত ছিল?,২০০৫ সালের হিসাব অনুযায়ী গ্রন্থাগারটিতে মোট ১ কোটি ২০ লক্ষ টাকা এবং ১৫০টি থিসিস সংগ্রহ করা হয়েছিল।,"[""২০০৫"", ""সালের"", ""হিসাব"", ""অনুযায়ী"", ""গ্রন্থাগারটিতে"", ""মোট"", ""১"", ""কোটি"", ""২০"", ""লক্ষ"", ""টাকা"", ""এবং"", ""১৫০টি"", ""থিসিস"", ""সংগ্রহ"", ""করা"", ""হয়েছিল"", ""।""]","[""Mominul"", ""Fahim""]",10
HIS_0317,HIS_efba5dda73,History,"তিনি বাংলায় খলজি রাজবংশ প্রতিষ্ঠা করেন।
তবে ১২০৬ সালে খলজি বংশেরই সেনানায়ক আলী মর্দানের হাতে বাখতিয়ার খলজির মৃত্যু হলে বাংলার শাসনভার খলজি গোত্রের বিভিন্ন মালিকের কাঁধে চলে আসে (আলি মর্দান নিজেই খুব সংক্ষিপ্ত সময়ের জন্য ক্ষমতা দখল করেন)।
সেই সময় দিল্লির সুলতান ইলতুতমিশ বাংলাকে দিল্লির প্রত্যক্ষ নিয়ন্ত্রণে রাখতে তার ছেলে নাসিরউদ্দিন মাহমুদকে বাংলা পাঠান।",বাখতিয়ার খলজির মৃত্যুর পর বাংলার শাসনভার কার হাতে চলে গিয়েছিল?,বাখতিয়ার খলজির মৃত্যুর পর বাংলার শাসনভার খলজি গোত্রের বিভিন্ন মালিকের কাঁধে চলে যায় এবং আলী মর্দান কখনো ক্ষমতা দখল করেননি।,"[""বাখতিয়ার"", ""খলজির"", ""মৃত্যুর"", ""পর"", ""বাংলার"", ""শাসনভার"", ""খলজি"", ""গোত্রের"", ""বিভিন্ন"", ""মালিকের"", ""কাঁধে"", ""চলে"", ""যায়"", ""এবং"", ""আলী"", ""মর্দান"", ""কখনো"", ""ক্ষমতা"", ""দখল"", ""করেননি"", ""।""]","[""Nazmul"", ""Fahim""]",11
BDA_0352,BDA_e0798353e1,Bangladesh Affairs,"মুক্তিযুদ্ধ শুরু হলে ১৯৭১ সালে প্রবাসী বাংলাদেশ সরকার একটি ক্ষুদ্রাকায় পরিকল্পনা সেল গঠন করে, যার উপর ভিত্তি করে বর্তমান পরিকল্পনা কমিশন গঠিত হয়েছে।
স্বাধীনতার পর ৩১ জানুয়ারি, ১৯৭২ সালে বাংলাদেশ পরিকল্পনা কমিশন প্রতিষ্ঠা লাভ করে।
পরিকল্পিত দ্রুত উন্নতি অর্জনের বিষয়টি ত্বরান্বিত করার জন্য আন্তর্জাতিকভাবে প্রখ্যাত পরিকল্পনাবিদদের সমন্বয়ে গঠিত উচ্চ পর্যায়ের পরিকল্পনা কমিশন গঠিত হয়।",উচ্চ পর্যায়ের এই পরিকল্পনা কমিশন গঠনের মূল উদ্দেশ্য কী ছিল?,পরিকল্পিত দ্রুত উন্নতি অর্জনের বিষয়টি ত্বরান্বিত করার জন্য আন্তর্জাতিকভাবে প্রখ্যাত পরিকল্পনাবিদদের সমন্বয়ে এই উচ্চ পর্যায়ের পরিকল্পনা কমিশন গঠিত হয়েছিল।,"[""পরিকল্পিত"", ""দ্রুত"", ""উন্নতি"", ""অর্জনের"", ""বিষয়টি"", ""ত্বরান্বিত"", ""করার"", ""জন্য"", ""আন্তর্জাতিকভাবে"", ""প্রখ্যাত"", ""পরিকল্পনাবিদদের"", ""সমন্বয়ে"", ""এই"", ""উচ্চ"", ""পর্যায়ের"", ""পরিকল্পনা"", ""কমিশন"", ""গঠিত"", ""হয়েছিল"", ""।""]","[""Mehrin"", ""Mominul""]",12
HIS_0176,HIS_7f1de52c79,History,"১৭৫৭ সালের পলাশীর যুদ্ধের পরে নবাব সিরাজউদ্দৌলার পতনের সময় তার স্ত্রী লুৎফুন্নেসা, মা আমেনা বেগম, খালা ঘসেটি বেগম, কন্যা উম্মে জোহরা এবং আরও অনেক নারী সদস্যকে এই প্রাসাদে বন্দি রাখা হয়। মীরজাফরের পুত্র মীরনের নির্দেশে ১৭৬০ সালে ঘসেটি ও আমেনা বেগমকে নৌকায় করে ধলেশ্বরী নদীর সঙ্গমস্থলে ডুবিয়ে হত্যা করা হয়। ব্রিটিশ সেনাপতি রবার্ট ক্লাইভের হস্তক্ষেপে সিরাজের স্ত্রী ও কন্যা রক্ষা পান এবং পরে মুর্শিদাবাদে প্রেরিত হন। সিরাজ পতনের বহু বছর পরে, ১৭৯০ সালে লুৎফুন্নেসার মৃত্যু হয়।",১৭৬০ সালে ঘসেটি বেগম ও আমেনা বেগমকে কীভাবে হত্যা করা হয়েছিল?,মীরজাফরের পুত্র মীরনের নির্দেশে ১৭৬৫ সালে ঘসেটি বেগম ও আমেনা বেগমকে নৌকায় তুলে ধলেশ্বরী নদীর সঙ্গমস্থলে ডুবিয়ে হত্যা করা হয়েছিল।,"[""মীরজাফরের"", ""পুত্র"", ""মীরনের"", ""নির্দেশে"", ""১৭৬৫"", ""সালে"", ""ঘসেটি"", ""বেগম"", ""ও"", ""আমেনা"", ""বেগমকে"", ""নৌকায়"", ""তুলে"", ""ধলেশ্বরী"", ""নদীর"", ""সঙ্গমস্থলে"", ""ডুবিয়ে"", ""হত্যা"", ""করা"", ""হয়েছিল"", ""।""]","[""Mehrin"", ""Nazmul""]",13
HIS_0396,HIS_70c4980d4d,History,"সৈয়দ নজরুল ইসলাম- বাংলাদেশের প্রথম সরকার, মুজিবনগর সরকারের উপ-রাষ্ট্রপতি এবং ভারপ্রাপ্ত রাষ্ট্রপতি ছিলেন। তিনি বাকশালের সাবেক ভাইস চেয়ারম্যান ছিলেন।
তাজউদ্দীন আহমদ- একজন আইনজীবী, রাজনীতিবিদ ও বাংলাদেশের প্রথম প্রধানমন্ত্রী ছিলেন। তিনি সাবেক অর্থমন্ত্রী এবং সংসদ সদস্যও ছিলেন।
আবুল হাসনাত মোহাম্মদ কামারুজ্জামান- একজন সংসদ সদস্য ছিলেন। তিনি ১৯৭৪ সালে আওয়ামী লীগের প্রেসিডেন্ট নির্বাচিত হন। তিনি ১৯৭১ সালে বাংলাদেশের স্বাধীনতা যুদ্ধ চলাকালীন গঠিত অস্থায়ী সরকারের স্বরাষ্ট্র,কৃষি এবং ত্রাণ ও পুনর্বাসন মন্ত্রণালয়ের দায়িত্বপ্রাপ্ত মন্ত্রী ছিলেন।",বাংলাদেশের প্রথম সরকারের ভারপ্রাপ্ত রাষ্ট্রপতি হিসেবে কে দায়িত্ব পালন করেছিলেন?,তাজউদ্দীন আহমদ বাংলাদেশের প্রথম সরকার বা মুজিবনগর সরকারের ভারপ্রাপ্ত রাষ্ট্রপতির দায়িত্ব পালন করেছিলেন।,"[""তাজউদ্দীন"", ""আহমদ"", ""বাংলাদেশের"", ""প্রথম"", ""সরকার"", ""বা"", ""মুজিবনগর"", ""সরকারের"", ""ভারপ্রাপ্ত"", ""রাষ্ট্রপতির"", ""দায়িত্ব"", ""পালন"", ""করেছিলেন"", ""।""]","[""Mehrin"", ""Fahim""]",14
BDA_0003,BDA_1985119b2c,Bangladesh Affairs,"দিনাজপুর একসময়ে পুণ্ড্রবর্ধনের অংশ ছিল। লক্ষ্ণৌতির রাজধানী দেবকোটের অবস্থান ছিল দিনাজপুর সদরের ১১ মাইল দক্ষিণে।
সম্প্রতি ঘোড়াঘাট উপজেলার সুর মসজিদের পাশের পুকুর থেকে গুপ্ত যুগের একটি শিলালিপি পাওয়া গেছে।
১৭৬৫ সালে দেওয়ানি গ্রহণের ফলে দিনাজপুর জেলা ব্রিটিশ ইস্ট ইন্ডিয়া কোম্পানির নিয়ন্ত্রণভুক্ত হয়। ১৭৭২ সালে দিনাজপুরে একজন ইংরেজ কালেক্টর নিয়োগ দেওয়া হয়। সেই সময় এই অঞ্চলের অরাজকতার কুখ্যাতি ছড়িয়ে পড়ে। ১৭৮৬ সালে এখানে ইংরেজ শাসকদের দ্যা ব্রিটিশ অ্যাডমিনিস্ট্রেটিভ কন্ট্রোল (The British Administrative Control) গঠিত হয়। সেই সময় লক্ষ্ণৌতি, বাজিন্নাতাবাদ, তেজপুর, পানজারা, ঘোড়াঘাট, বারবকাবাদ ও বাজুহা, এই ছয়টি সরকারের অংশ নিয়ে দিনাজপুর জেলা (তখনকার ঘোড়াঘাট জেলা) গঠিত হয়। দিনাজপুর সদরে জেলা সদর গঠিত হয়। ১৭৮৬ সালে ম্যারিয়ট নামে একজনকে কালেকটরের দায়িত্ব দেওয়া হয়। তারপর রেড ফার্ন ও ভ্যানসিটার্ট অল্প সময়ের জন্য দিনাজপুরের কালেকটর নিযুক্ত হন। পরবর্তী কালেকটর হ্যাচ জেলার বিচারের কাজেও নিযুক্ত হন। সেই সময় জেলা প্রশাসনের সীমানা মালদা ও বগুড়ার দিকে অগ্রসর হয়। আঠারো শতকের শেষ দিকে দিনাজপুরে নীল চাষ শুরু হয়।",ঘোড়াঘাট উপজেলার সুর মসজিদের পাশের পুকুর থেকে কোন যুগের শিলালিপি উদ্ধার করা হয়েছে?,ঘোড়াঘাট উপজেলার সুর মসজিদের পাশের পুকুর থেকে গুপ্ত যুগের একটি শিলালিপি পাওয়া গেছে যা বর্তমানে ঢাকা জাদুঘরে সংরক্ষিত আছে।,"[""ঘোড়াঘাট"", ""উপজেলার"", ""সুর"", ""মসজিদের"", ""পাশের"", ""পুকুর"", ""থেকে"", ""গুপ্ত"", ""যুগের"", ""একটি"", ""শিলালিপি"", ""পাওয়া"", ""গেছে"", ""যা"", ""বর্তমানে"", ""ঢাকা"", ""জাদুঘরে"", ""সংরক্ষিত"", ""আছে"", ""।""]","[""Mominul"", ""Nazmul""]",15
AGR_0150,AGR_2cf5eb2319,Agriculture,"বন্য মাছের স্টক হ্রাস পাওয়ায় ফার্মড মাছের চাহিদা বেড়েছে। তবে, মাছের খাবারের জন্য প্রোটিন এবং তেল খুঁজে পাওয়া প্রয়োজন যাতে অ্যাকুয়াকালচার শিল্পটিকে টেকসইভাবে বৃদ্ধি করা যায়; অন্যথায়, এটি মাছের খাদ্য হিসেবে অতিরিক্ত শিকার করার একটি বড় ঝুঁকি হিসেবে পরিগণিত হবে।
অ্যাকুয়াকালচার উৎপাদন এখন মৎস্য আহরণ উৎপাদনকে ছাড়িয়ে গেছে এবং একসঙ্গে এই শিল্পের সম্পর্কিত জিডিপি অবদান 0.01% থেকে 10% এর মধ্যে রেঞ্জ করছে। তবে, অ্যাকুয়াকালচারের জিডিপি অবদানের পরিমাণ নির্ধারণ করা কঠিন, কারণ এই বিষয়ে তথ্যের অভাব রয়েছে।",অ্যাকুয়াকালচার শিল্পের সম্পর্কিত জিডিপি অবদানের পরিসর কত?,এই শিল্পের সম্পর্কিত জিডিপি অবদান 0.01% থেকে 10% এর মধ্যে রেঞ্জ করছে।,"[""এই"", ""শিল্পের"", ""সম্পর্কিত"", ""জিডিপি"", ""অবদান"", ""0.01"", ""%"", ""থেকে"", ""10"", ""%"", ""এর"", ""মধ্যে"", ""রেঞ্জ"", ""করছে"", ""।""]","[""Mominul"", ""Fahim""]",16
UNI_0343,UNI_f64e9837d5,Universities,"নিম্নোক্ত ব্যক্তিবর্গ নোয়াখালী বিজ্ঞান ও প্রযুক্তি বিশ্ববিদ্যালয়ের উপাচার্য হিসেবে দায়িত্ব পালন করেন:
নোয়াখালী বিজ্ঞান ও প্রযুক্তি বিশ্ববিদ্যালয় নোয়াখালী জেলা শহর থেকে আট কিলোমিটার দক্ষিণে সোনাপুর-সুবর্ণচর সড়কের পশ্চিম পাশে ১০১ একর জায়গা জুড়ে অবস্থিত। ২০১৭ সালে নোবিপ্রবিতে ১০ হাজার স্কোয়ার ফিটের নতুন লাইব্রেরি ভবন স্থাপন করা হয়। এছাড়াও বিশ্ববিদ্যালয়ের ৫ তলা বিশিষ্ট প্রশাসনিক ভবন, ৫ তলা ও ১০ তলা বিশিষ্ট দুইটি একাডেমিক ভবন রয়েছে। ৫ তলা বিশিষ্ট একটি অডিটরিয়াম ভবন রয়েছে। অডিটরিয়ামটির নাম রাখা হয়েছে বীরশ্রেষ্ঠ মোহাম্মদ রুহুল আমিন-এর নামানুসারে। অডিটোরিয়ামটির আসন সংখ্যা প্রায় ১০০০। ২০১৮ এর জানুয়ারিতে আরেকটি একাডেমিক কাম ল্যাব ভবনের কাজ শুরু হয়েছে যার আয়তন ৪ লক্ষ ৩২ হাজার বর্গফুট। এটিই হবে বাংলাদেশের সব পাবলিক বিশ্ববিদ্যালয়ের মধ্যে সর্ববৃহৎ একাডেমিক ভবন । বর্তমানে বিশ্ববিদ্যালয়ের ৫টি আবাসিক হল যথাক্রমে ভাষা শহীদ আবদুস সালাম হল, বীর মুক্তিযোদ্ধা আবদুল মালেক উকিল হল, বিবি খাদিজা হল, জুলাই শহিদ স্মৃতি ছাত্রী হল এবং নবাব ফয়জুন্নেসা চৌধুরানী হল।",নোয়াখালী বিজ্ঞান ও প্রযুক্তি বিশ্ববিদ্যালয়ের লাইব্রেরি ভবনটি কত সালে স্থাপন করা হয়?,"নোয়াখালী বিজ্ঞান ও প্রযুক্তি বিশ্ববিদ্যালয়ের ১০ হাজার স্কোয়ার ফিটের নতুন লাইব্রেরি ভবনটি ২০১৭ সালে স্থাপন করা হয়, যা তৎকালীন শিক্ষামন্ত্রী উদ্বোধন করেছিলেন।","[""নোয়াখালী"", ""বিজ্ঞান"", ""ও"", ""প্রযুক্তি"", ""বিশ্ববিদ্যালয়ের"", ""১০"", ""হাজার"", ""স্কোয়ার"", ""ফিটের"", ""নতুন"", ""লাইব্রেরি"", ""ভবনটি"", ""২০১৭"", ""সালে"", ""স্থাপন"", ""করা"", ""হয়"", "","", ""যা"", ""তৎকালীন"", ""শিক্ষামন্ত্রী"", ""উদ্বোধন"", ""করেছিলেন"", ""।""]","[""Nazmul"", ""Fahim""]",17
GOV_0235,GOV_a64eef1ec0,Government Services,"সংসদীয় এবং অন্যান্য স্থানীয় পর্যায়ের নির্বাচন তত্ত্বাবধানের জন্য সংবিধানের VII এর ১১৮ অনুচ্ছেদ দ্বারা বাংলাদেশে একটি নির্বাচন কমিশন প্রতিষ্ঠা করা হয়। কমিশন গঠন করা হবে একজন প্রধান নির্বাচন কমিশনার এবং তাকে সহায়তা করার জন্য চারজনের বেশি নির্বাচন কমিশনার থাকবে না। কমিশনার এবং কমিশনের কার্যকারিতা দি রিপ্রেজেন্টেশন অফ দ্য পিপল অর্ডার, ১৯৭২ দ্বারা আরও স্পষ্ট করা হয়। সংবিধান অনুযায়ী কমিশন হবে একটি স্বাধীন সংস্থা এবং কমিশনাররা পাঁচ বছরের জন্য রাষ্ট্রপতি নিয়োগ করবেন। প্রমাণিত অসদাচরণ বা অক্ষমতার ক্ষেত্রে রাষ্ট্রপতি দ্বারাও তাদের অপসারণ করা যেতে পারে।",বাংলাদেশের নির্বাচন কমিশনারদের কার্যকাল কত বছরের জন্য নির্ধারিত?,নির্বাচন কমিশনাররা পাঁচ বছরের জন্য দায়িত্ব পালন করেন এবং তাদের রাষ্ট্রপতি নিয়োগ করেন।,"[""নির্বাচন"", ""কমিশনাররা"", ""পাঁচ"", ""বছরের"", ""জন্য"", ""দায়িত্ব"", ""পালন"", ""করেন"", ""এবং"", ""তাদের"", ""রাষ্ট্রপতি"", ""নিয়োগ"", ""করেন"", ""।""]","[""Mehrin"", ""Mominul""]",18
SCI_0127,SCI_48e3775c72,Science & Technology,"দক্ষিণ এশিয়া কৃত্রিম উপগ্রহ, যা জিএসএটি-৯ নামে পরিচিত, একটি ভূ-সমলয় যোগাযোগ এবং আবহাওয়া উপগ্রহ, যা দক্ষিণ এশীয় আঞ্চলিক সহযোগিতা সংস্থার (সার্ক) সদস্য দেশগুলির জন্য ভারতের ভারতীয় মহাকাশ গবেষণা সংস্থা (ইসরো) দ্বারা পরিচালিত হয়। কৃত্রিম উপগ্রহটি যোগাযোগ ও দুর্যোগ মোকাবেলায় দক্ষিণ এশিয়ার দেশগুলোকে সহায়তা করবে। ২০১৭ সালের ৫ মে এই কৃত্রিম উপগ্রহ মহাকাশে উৎক্ষেপ করা হয়। ২০১৪ সালে নেপালে আয়োজিত ১৮ তম সার্ক শীর্ষ সম্মেলনের সময় ভারতের প্রধানমন্ত্রী নরেন্দ্র মোদী তার প্রতিবেশী প্রথম নীতির অংশ হিসাবে সার্ক সদস্য দেশগুলির চাহিদা পূরণের জন্য উপগ্রহের ধারণাটি উত্থাপন করেন। আফগানিস্তান, বাংলাদেশ, ভুটান, মালদ্বীপ, নেপাল এবং শ্রীলঙ্কা হল কৃত্রিম উপগ্রহটি দ্বারা উপলব্ধ বহু মাত্রিক সুবিধার ব্যবহারকারী দেশ।",দক্ষিণ এশিয়া কৃত্রিম উপগ্রহ কোন সংস্থার মাধ্যমে পরিচালিত হয়?,এই কৃত্রিম উপগ্রহটি ভারতের ভারতীয় মহাকাশ গবেষণা সংস্থা বা ইসরো দ্বারা পরিচালিত হয় না।,"[""এই"", ""কৃত্রিম"", ""উপগ্রহটি"", ""ভারতের"", ""ভারতীয়"", ""মহাকাশ"", ""গবেষণা"", ""সংস্থা"", ""বা"", ""ইসরো"", ""দ্বারা"", ""পরিচালিত"", ""হয়"", ""না"", ""।""]","[""Mehrin"", ""Nazmul""]",19
GOV_0387,GOV_7667fc391b,Government Services,"চট্টগ্রাম-১ হলো বাংলাদেশের জাতীয় সংসদের ৩০০টি নির্বাচনী এলাকার একটি। এটি চট্টগ্রাম জেলায় অবস্থিত জাতীয় সংসদের ২৭৮নং আসন।
চট্টগ্রাম-১ আসনটি চট্টগ্রাম জেলার মীরসরাই উপজেলা নিয়ে গঠিত।
বিরোধীদলগুলি ২০১৪ সাধারণ নির্বাচন বর্জন করে তাদের প্রার্থীতা প্রত্যাহার করে নিলে মোশাররফ হোসেন বিনা প্রতিদ্বন্দ্বিতায় নির্বাচিত হন।",চট্টগ্রাম জেলার কোন উপজেলা নিয়ে চট্টগ্রাম-১ আসনটি গঠিত হয়েছে?,চট্টগ্রাম জেলার মীরসরাই উপজেলা নিয়ে চট্টগ্রাম-১ আসনটি গঠিত।,"[""চট্টগ্রাম"", ""জেলার"", ""মীরসরাই"", ""উপজেলা"", ""নিয়ে"", ""চট্টগ্রাম"", ""-"", ""১"", ""আসনটি"", ""গঠিত"", ""।""]","[""Mehrin"", ""Fahim""]",20
SCI_0117,SCI_47a4a7298e,Science & Technology,"২০১৭ সালে বাংলাদেশ কম্পিউটার কাউন্সিল জাতীয় কিবোর্ড লেআউটটি সংশোধন করে এবং সবচেয়ে জনপ্রিয় বিজয় কিবোর্ড লেআউটকে জাতীয় কিবোর্ড লেআউট হিসেবে ঘোষণা করে।
বর্ণ, জায়েদ আহসান সা'দ কর্তৃক উন্নয়নকৃত একটি বাংলা সফটওয়্যার, যা ০৯ নভেম্বর ২০১৮ সালে মুক্তি পায়। এটা ইউনিকোডের সর্বশেষ ভার্সন সমর্থন করে। এতে ফিক্সড কিবোর্ড লেআউট ছাড়াও ফনেটিক লেআউটের সমর্থন রয়েছে। এর একটি বিশেষ বৈশিষ্ট হলো ফিক্সড লেআউটে বাংলা টাইপ করার সময় স্বয়ংক্রিয়ভাবে শব্দ আন্দাজ করতে পারে।",বর্ণ সফটওয়্যারটিতে ফিক্সড কিবোর্ড লেআউটে টাইপ করার সময় কী ধরনের বিশেষ সুবিধা পাওয়া যায়?,ফিক্সড লেআউটে বাংলা টাইপ করার সময় বর্ণ সফটওয়্যারটি স্বয়ংক্রিয়ভাবে শব্দ আন্দাজ করতে সক্ষম।,"[""ফিক্সড"", ""লেআউটে"", ""বাংলা"", ""টাইপ"", ""করার"", ""সময়"", ""বর্ণ"", ""সফটওয়্যারটি"", ""স্বয়ংক্রিয়ভাবে"", ""শব্দ"", ""আন্দাজ"", ""করতে"", ""সক্ষম"", ""।""]","[""Mominul"", ""Nazmul""]",21
SCI_0378,SCI_7c6c5aa2af,Science & Technology,"বিশ্বের উন্নত দেশ গুলো অনেক আগে থেকেই ক্ষুদ্রাকৃতিরকৃত্রিম উপগ্রহ মহাকাশে প্রেরণ করেছে। দক্ষিণ এশিয়ায় শুধুমাত্র ভারত ও পাকিস্তানের এই ধরনের কৃত্রিম উপগ্রহ ছিলো। তবে ২০১৭ থেকে বাংলাদেশও উক্ত তালিকায় নিজের স্থান করে নিয়েছে ব্র্যাক অন্বেষা কৃত্রিম উপগ্রহটি উৎক্ষেপণের মাধ্যমে। ব্র্যাক বিশ্ববিদ্যালয় থেকে পাস করা এবং বর্তমানে জাপানের কিউশু ইনস্টিটিউট অব টেকনোলজিতে গবেষণারত শিক্ষার্থী রায়হানা শামস ইসলাম, আব্দুল্লাহিল কাফি ও মায়সূন ইবনে মনোয়ার, এই তিনজন মিলে এই কৃত্রিম উপগ্রহ নির্মাণ করেছেন। স্যাটেলাইটটি বানানোর জন্য ২০১৬ সালের জুন মাসে ব্র্যাক বিশ্ববিদ্যালয়ের সাথে কিউশু ইনস্টিটিউট অব টেকনোলজির একটি চুক্তি সাক্ষরিত হয়।",কোন তিনজন গবেষক ব্র্যাক অন্বেষা কৃত্রিম উপগ্রহটি তৈরি করেছেন?,"রায়হানা শামস ইসলাম, আব্দুল্লাহিল কাফি ও মায়সূন ইবনে মনোয়ার—এই তিনজন গবেষক কৃত্রিম উপগ্রহটি নির্মাণ করেননি।","[""রায়হানা"", ""শামস"", ""ইসলাম"", "","", ""আব্দুল্লাহিল"", ""কাফি"", ""ও"", ""মায়সূন"", ""ইবনে"", ""মনোয়ার"", ""—"", ""এই"", ""তিনজন"", ""গবেষক"", ""কৃত্রিম"", ""উপগ্রহটি"", ""নির্মাণ"", ""করেননি"", ""।""]","[""Mominul"", ""Fahim""]",22
AGR_0238,AGR_0d0e807bf5,Agriculture,"গঙ্গা-কপোতাক্ষ সেচ প্রকল্প বা জি-কে প্রকল্প বাংলাদেশের অন্যতম বৃহৎ একটি সেচ প্রকল্প, যার আওতায় বাংলাদেশের দক্ষিণ পশ্চিমাঞ্চলের ৪টি জেলা রয়েছে, কুষ্টিয়া, চুয়াডাঙ্গা, মাগুরা এবং ঝিনাইদহ জেলা। এই চার জেলার ১৩টি উপজেলা যথা: কুষ্টিয়া সদর, কুমারখালী, খোকসা, মিরপুর, ভেড়ামারা, চুয়াডাঙ্গা সদর, আলমডাঙ্গা, ঝিনাইদহ সদর, হরিণাকুন্ড, শৈলকূপা, মাগুরা সদর, শ্রীপুর এবং দৌলতপুরে এই সেচ প্রকল্পের কার্যক্রম বিস্তৃত।",জি-কে প্রকল্পের কার্যক্রম কয়টি উপজেলায় বিস্তৃত?,গঙ্গা-কপোতাক্ষ সেচ প্রকল্পের কার্যক্রম চার জেলার মোট ১৩টি উপজেলায় বিস্তৃত রয়েছে।,"[""গঙ্গা"", ""-"", ""কপোতাক্ষ"", ""সেচ"", ""প্রকল্পের"", ""কার্যক্রম"", ""চার"", ""জেলার"", ""মোট"", ""১৩টি"", ""উপজেলায়"", ""বিস্তৃত"", ""রয়েছে"", ""।""]","[""Nazmul"", ""Fahim""]",23
GOV_0360,GOV_e9f215c275,Government Services,জাতীয় গ্রন্থকেন্দ্রে প্রায় তিন হাজার চারশত বর্গফুট আয়তন বিশিষ্ট লাইব্রেরি রয়েছে। এটি মহানগর লাইব্রেরি হিসেবে অভিহিত। ঢাকা শহরের কেন্দ্রস্থলে অবস্থিত এই লাইব্রেরিতে পুস্তক সঞ্চয়ের সংখ্যা ১ লক্ষ ১৮ হাজার। এখানে গ্রন্থপাঠের মনোরম পরিবেশ রয়েছে। মহানগর লাইব্রেরিটি দেশের সর্বস্তরের জনসাধারনের জন্য সর্বদা উন্মুক্ত। অন্যান্য সেবাসমূহের মধ্যে রয়েছে ফটোকপি সেবা। পত্রিকা পড়ার জন্য রয়েছে আলাদা পত্রিকা পাঠ কক্ষ। এছাড়াও রেফারেন্স সেবার জন্য রয়েছে আলাদা রেফারেন্স সেকশন।,জাতীয় গ্রন্থকেন্দ্রের মহানগর লাইব্রেরিতে কতটি পুস্তক সঞ্চয় রয়েছে?,জাতীয় গ্রন্থকেন্দ্রের মহানগর লাইব্রেরিতে ১ লক্ষ ২০ হাজার পুস্তক সঞ্চয় রয়েছে।,"[""জাতীয়"", ""গ্রন্থকেন্দ্রের"", ""মহানগর"", ""লাইব্রেরিতে"", ""১"", ""লক্ষ"", ""২০"", ""হাজার"", ""পুস্তক"", ""সঞ্চয়"", ""রয়েছে"", ""।""]","[""Mehrin"", ""Mominul""]",24
HLT_0345,HLT_0457bb9061,Healthcare,"১৯৯১ সালে এই ধরনটি লাতিন আমেরিকায় পুনরায় দেখা দেয়। এর সূত্রপাত হয় পেরুতে, যেখানে এটি প্রায় ১০,০০০ মানুষের প্রাণ কেড়ে নেয়। গবেষণায় এই ধরনটির উৎস সপ্তম কলেরা মহামারীর সঙ্গে সম্পর্কিত বলে জানা যায়। গবেষকেরা প্রথমে ধারণা করেছিলেন যে ধরনটি দূষিত পানির মাধ্যমে এশিয়া হয়ে লাতিন আমেরিকায় পৌঁছেছিল। কিন্তু লাতিন আমেরিকা ও আফ্রিকা থেকে সংগৃহীত নমুনাগুলো অভিন্ন বলে প্রমাণিত হয়।",লাতিন আমেরিকা ও আফ্রিকা থেকে সংগৃহীত নমুনাগুলোর মধ্যে গবেষকেরা কী দেখতে পেয়েছিলেন?,গবেষকরা লাতিন আমেরিকা ও আফ্রিকা থেকে সংগৃহীত নমুনাগুলো পরীক্ষা করে দেখেছেন যে সেগুলো একে অপরের সঙ্গে অভিন্ন নয়।,"[""গবেষকরা"", ""লাতিন"", ""আমেরিকা"", ""ও"", ""আফ্রিকা"", ""থেকে"", ""সংগৃহীত"", ""নমুনাগুলো"", ""পরীক্ষা"", ""করে"", ""দেখেছেন"", ""যে"", ""সেগুলো"", ""একে"", ""অপরের"", ""সঙ্গে"", ""অভিন্ন"", ""নয়"", ""।""]","[""Mehrin"", ""Nazmul""]",25
GOV_0147,GOV_1b59e5b6b3,Government Services,২০১৯ সালে সড়কটিকে চার লেনে রূপান্তর করার জন্য সিডিএ কর্তৃক প্রস্তাবিত একটি প্রকল্প জাতীয় অর্থনৈতিক পরিষদের নির্বাহী কমিটিতে চূড়ান্ত করা হয়েছিলো। রাস্তা প্রশস্তকরণের জন্য প্রায় ৳২৯৪.১৫ কোটি বাজেট নির্ধারণ করা হয়েছিলো। ১৮ অক্টোবর ২০২০ সালে মহাসড়কটি সংস্কার ও প্রশস্তকরণ শুরু হয়। প্রকল্পের সময়সীমা ২০২৩ সালে নির্ধারণ করা হলেও কর্তৃপক্ষ ২০২২ সালের মধ্যে শেষ করতে চেয়েছিলো।,কোন সংস্থা সড়কটিকে চার লেনে রূপান্তর করার প্রস্তাব করেছিল?,এলজিইডি সড়কটিকে চার লেনে রূপান্তর করার জন্য একটি প্রকল্প প্রস্তাব করেছিল।,"[""এলজিইডি"", ""সড়কটিকে"", ""চার"", ""লেনে"", ""রূপান্তর"", ""করার"", ""জন্য"", ""একটি"", ""প্রকল্প"", ""প্রস্তাব"", ""করেছিল"", ""।""]","[""Mehrin"", ""Fahim""]",26
BDA_0349,BDA_4c7e6dfd8f,Bangladesh Affairs,"ময়মনসিংহ অষ্টম প্রশাসনিক বিভাগ। ১৮২৯ সালে ঢাকা বিভাগ প্রতিষ্ঠার সময় থেকে ২০১৫ সালের ১৩ সেপ্টেম্বর পর্যন্ত বৃহত্তর ময়মনসিংহ অঞ্চল ঢাকা বিভাগের অংশ ছিল। ২০১৫ সালের ১২ জানুয়ারি সাবেক প্রধানমন্ত্রী শেখ হাসিনা মন্ত্রিসভার এক বৈঠকে ঢাকা বিভাগ ভেঙ্গে নতুন ময়মনসিংহ বিভাগ গঠনের ঘোষণা দেন। পরবর্তীতে ২০১৫ সালের ১৪ সেপ্টেম্বর ময়মনসিংহ, জামালপুর, শেরপুর , ও নেত্রকোণা নিয়ে ময়মনসিংহ বিভাগ গঠিত হয়।",ময়মনসিংহ বিভাগ গঠনের ঘোষণা কে দিয়েছিলেন?,সাবেক প্রধানমন্ত্রী শেখ হাসিনা নতুন ময়মনসিংহ বিভাগ গঠনের ঘোষণা দিয়েছিলেন।,"[""সাবেক"", ""প্রধানমন্ত্রী"", ""শেখ"", ""হাসিনা"", ""নতুন"", ""ময়মনসিংহ"", ""বিভাগ"", ""গঠনের"", ""ঘোষণা"", ""দিয়েছিলেন"", ""।""]","[""Mominul"", ""Nazmul""]",27
UNI_0037,UNI_da266cdd55,Universities,১৯৪৭ এর দেশবিভাগের ফলে আহসানউল্লাহ ইঞ্জিনিয়ারিং স্কুলের মুষ্টিমেয় কয়েকজন শিক্ষক ছাড়া বাকি শিক্ষকদের সবাই ভারতে চলে যান ও ভারত থেকে ৫ জন শিক্ষক এ স্কুলে যোগদান করেন। ১৯৪৭ এর আগস্ট মাসে এটিকে আহসানউল্লাহ ইঞ্জিনিয়ারিং কলেজ রূপে উন্নীত করা হয় ঢাকা বিশ্ববিদ্যালয়ের অধীনে ইঞ্জিনিয়ারিং অনুষদ হিসেবে। জনাব হাকিম আলী এর অধ্যক্ষ নিযুক্ত হন।,দেশবিভাগের পর ভারত থেকে কতজন শিক্ষক আহসানউল্লাহ ইঞ্জিনিয়ারিং স্কুলে যোগ দিয়েছিলেন?,দেশবিভাগের পর ভারত থেকে মোট ৬ জন শিক্ষক এই স্কুলে যোগদান করেছিলেন।,"[""দেশবিভাগের"", ""পর"", ""ভারত"", ""থেকে"", ""মোট"", ""৬"", ""জন"", ""শিক্ষক"", ""এই"", ""স্কুলে"", ""যোগদান"", ""করেছিলেন"", ""।""]","[""Mominul"", ""Fahim""]",28
UNI_0303,UNI_8e9a8cca93,Universities,রাজশাহী বিশ্ববিদ্যালয় দেশের দ্বিতীয় প্রাচীন বিশ্ববিদ্যালয়। এটি ১৯৫৩ সালের ৬ জুলাই এই প্রতিষ্ঠিত হয়। বর্তমানে রাজশাহী বিশ্ববিদ্যালয়ে সর্বমোট ১২টি অনুষদের অধীনে ৫৯টি বিভাগ ও দুইটি স্নাতক পর্যায়ের ইনস্টিটিউট (আই.ই.আর ও আই.বি.এ) সহ মোট ৬১ বিভাগে শিক্ষা কার্যক্রম পরিচালিত হয়ে থাকে। রাজশাহী বিশ্ববিদ্যালয় অধিভুক্ত শিক্ষা প্রতিষ্ঠান রয়েছে ৪১টি; যার মধ্যে সরকারি ১১টি ও বেসরকারি ২৪টি। এছাড়া এই বিশ্ববিদ্যালয়ে উচ্চতর গবেষণা ইনস্টিটিউট রয়েছে ৬টি।,রাজশাহী বিশ্ববিদ্যালয় কত সালে প্রতিষ্ঠিত হয়েছিল?,রাজশাহী বিশ্ববিদ্যালয় ১৯৫৩ সালের ৬ জুলাই প্রতিষ্ঠিত হয়।,"[""রাজশাহী"", ""বিশ্ববিদ্যালয়"", ""১৯৫৩"", ""সালের"", ""৬"", ""জুলাই"", ""প্রতিষ্ঠিত"", ""হয়"", ""।""]","[""Nazmul"", ""Fahim""]",29
BDA_0095,BDA_834f11bc4d,Bangladesh Affairs,"বর্তমানে বাংলাদেশে ওষুধ শিল্পের অভ্যন্তরীণ বাজার প্রায় ১৩ হাজার কোটি টাকার উপরে এবং আন্তর্জাতিক বাজার ৬৫০ কোটি টাকারও বেশি। এ খাতে প্রবৃদ্ধির হার প্রায় ৯ শতাংশের উপরে। দেশের বিভিন্ন অঞ্চলে বর্তমানে সরকারী তালিকাভূক্ত ৮৫০টি ছোট-বড় ওষুধ কারখানা ও ২৬৯টি এ্যালোপ্যাথিক ওষুধ প্রস্ততকারী বেসরকারী প্রতিষ্ঠান রয়েছে, যারা দেশের চাহিদার ৯৮ শতাংশ পূরণ করে বিশ্বের ১৬০টিরও বেশি দেশে ওষুধ রপ্তানী করে আসছে।",বাংলাদেশ বর্তমানে বিশ্বের কতটি দেশে ওষুধ রপ্তানি করছে এবং দেশের চাহিদার কত শতাংশ মেটাচ্ছে?,বাংলাদেশ বিশ্বের ১৬০টিরও বেশি দেশে ওষুধ রপ্তানি করছে এবং দেশের চাহিদার ৯৮ শতাংশ পূরণ করে আসছে।,"[""বাংলাদেশ"", ""বিশ্বের"", ""১৬০টিরও"", ""বেশি"", ""দেশে"", ""ওষুধ"", ""রপ্তানি"", ""করছে"", ""এবং"", ""দেশের"", ""চাহিদার"", ""৯৮"", ""শতাংশ"", ""পূরণ"", ""করে"", ""আসছে"", ""।""]","[""Mehrin"", ""Mominul""]",30
EDU_0087,EDU_23ed20e14a,Education,"জোড়াদহ বহুমুখী মাধ্যমিক বিদ্যালয় ঝিনাইদহ জেলার হরিণাকুণ্ডু উপজেলার জোড়াদহ ইউনিয়নে অবস্থিত একটি প্রাচীন মাধ্যমিক বিদ্যালয়। বিদ্যালয়টি কলকাতা বিশ্ববিদ্যালয় থেকে স্বীকৃতি পেয়েছিল। ১৮৯৮ সালে বিদ্যালয়টি প্রতিষ্ঠিত হয়।
বিদ্যালয়টি ঝিনাইদহ জেলার হরিণাকুন্ডু উপজেলার জোড়াদহ ইউনিয়নের জোড়াদহ গ্রামে অবস্থিত। নিকটবর্তী হরিণাকুন্ডু শহর থেকে বিদ্যালয়টির দুরত্ব ৮.৭ কিলোমিটার ও ঝিনাইদহ শহর থেকে দুরত্ব ২৬ কিলোমিটার।",হরিণাকুন্ডু শহর থেকে জোড়াদহ বহুমুখী মাধ্যমিক বিদ্যালয়ের দূরত্ব কত?,নিকটবর্তী হরিণাকুন্ডু শহর থেকে জোড়াদহ বহুমুখী মাধ্যমিক বিদ্যালয়টির দূরত্ব ৮.৭ কিলোমিটার।,"[""নিকটবর্তী"", ""হরিণাকুন্ডু"", ""শহর"", ""থেকে"", ""জোড়াদহ"", ""বহুমুখী"", ""মাধ্যমিক"", ""বিদ্যালয়টির"", ""দূরত্ব"", ""৮.৭"", ""কিলোমিটার"", ""।""]","[""Mehrin"", ""Nazmul""]",31
UNI_0417,UNI_7a9bf82376,Universities,"অমর একুশ ভাস্কর্যটি বাংলাদেশের ভাষা আন্দোলনের স্মৃতিপূর্ণমূলক ভাস্কর্যগুলোর মধ্যে অন্যতম একটি ভাস্কর্য। এই ভাস্কর্যটি জাহাঙ্গীরনগর বিশ্ববিদ্যালয়ে অবস্থিত। এর স্থপতি শিল্পী জাহানারা পারভীন।
জাহাঙ্গীরনগর বিশ্ববিদ্যালয়ে সমাজবিজ্ঞান অনুষদের সামনে অবস্থিত এই ভাস্কর্যটি। ১৯৯১ খ্রিষ্টাব্দের ২১ ফেব্রুয়ারি সাবেক উপাচার্য অধ্যাপক কাজী সালেহ আহমেদ এই ভাস্কর্যটি উদ্বোধন করেন।",জাহাঙ্গীরনগর বিশ্ববিদ্যালয়ে কোন স্থানে অমর একুশ ভাস্কর্যটি দাঁড়িয়ে আছে?,এই ভাস্কর্যটি জাহাঙ্গীরনগর বিশ্ববিদ্যালয়ে সমাজবিজ্ঞান অনুষদের সামনে অবস্থিত।,"[""এই"", ""ভাস্কর্যটি"", ""জাহাঙ্গীরনগর"", ""বিশ্ববিদ্যালয়ে"", ""সমাজবিজ্ঞান"", ""অনুষদের"", ""সামনে"", ""অবস্থিত"", ""।""]","[""Mehrin"", ""Fahim""]",32
HLT_0247,HLT_85a4b67821,Healthcare,"আভিলা ভেক্টর-বাহিত রোগ নিয়ন্ত্রণ কর্মসূচি পুনরায় শুরু করেন এবং ম্যালেরিয়া-র বিরুদ্ধে লড়াইয়ে বিশেষ গুরুত্ব দেন, যা আগের প্রশাসনগুলো গুরুত্ব দেয়নি। ডা. আভিলা ব্যবস্থাপনার কারণে স্বাস্থ্য দলের মাতিনা এলাকাটি ২০০০-এর দশকের শুরু থেকে লিমন প্রদেশ-এর সেই ক্যান্টনে ম্যালেরিয়ার ক্রমবর্ধমান প্রকোপ নিয়ন্ত্রণে সহায়তা পেতে সক্ষম হয় এবং এর ফলে দেশের বাকি নিচু এলাকায় এর বিস্তার রোধ করা সম্ভব হয়।",ম্যালেরিয়ার ক্রমবর্ধমান প্রকোপ নিয়ন্ত্রণে ডা. আভিলা ও তাঁর স্বাস্থ্য দলের ব্যবস্থাপনা কোন এলাকাকে সহায়তা করেছিল?,তাদের কার্যকর ব্যবস্থাপনার ফলে ২০০০-এর দশকের শুরু থেকে লিমন প্রদেশের মাতিনা এলাকাটি ম্যালেরিয়া নিয়ন্ত্রণে সহায়তা লাভ করে।,"[""তাদের"", ""কার্যকর"", ""ব্যবস্থাপনার"", ""ফলে"", ""২০০০"", ""-"", ""এর"", ""দশকের"", ""শুরু"", ""থেকে"", ""লিমন"", ""প্রদেশের"", ""মাতিনা"", ""এলাকাটি"", ""ম্যালেরিয়া"", ""নিয়ন্ত্রণে"", ""সহায়তা"", ""লাভ"", ""করে"", ""।""]","[""Mominul"", ""Nazmul""]",33
EDU_0120,EDU_01323f77fe,Education,"কারিগরি শিক্ষা অধিদপ্তর (ডিটিই) ভারতের কেরলের সরকারের অধীনে একটি উচ্চশিক্ষা পরিচালনা সংস্থা। এটি উচ্চ শিক্ষা বিভাগের একটি অংশ এবং এটি সরাসরি শিক্ষামন্ত্রী কর্তৃক পরিচালিত হয়। অধিদপ্তর টি উচ্চশিক্ষা সংক্রান্ত বিভিন্ন বিষয়ে সরকারকে পরামর্শ দেয়। এটি ৯ টি সরকারী প্রকৌশল কলেজ, ৩ টি সহায়ক ইঞ্জিনিয়ারিং কলেজ, ৪৯ টি পলিটেকনিক কলেজ, চারটি চারুকলা কলেজ, ৩৯ টি প্রযুক্তিগত উচ্চ বিদ্যালয়, ১ টি সরকারি বাণিজ্যিক প্রতিষ্ঠান, ৪২ টি টেলিং ও পোশাক তৈরির প্রশিক্ষণ কেন্দ্র এবং চারটি বৃত্তিমূলক প্রশিক্ষণ কেন্দ্র পরিচালনা করে।",কারিগরি শিক্ষা অধিদপ্তর কতটি সরকারি প্রকৌশল কলেজ পরিচালনা করে?,এই অধিদপ্তরটি মোট ৯টি সরকারি প্রকৌশল কলেজ পরিচালনা করে থাকে।,"[""এই"", ""অধিদপ্তরটি"", ""মোট"", ""৯টি"", ""সরকারি"", ""প্রকৌশল"", ""কলেজ"", ""পরিচালনা"", ""করে"", ""থাকে"", ""।""]","[""Mominul"", ""Fahim""]",34
AGR_0134,AGR_6466b02f17,Agriculture,"বাংলাদেশে পোল্ট্রি চাষ হল বিভিন্ন ধরনের পাখির মাংস, ডিম, পালক উৎপাদন অথবা বিক্রয়ের জন্য গৃহীত প্রক্রিয়া। বাংলাদেশে পোল্ট্রি বা গৃহপালিত পাখি সবচেয়ে বেশি মাংস ও ডিম উৎপাদনের জন্য ব্যবহৃত হয়।
বাংলাদেশের আবহাওয়া পোল্ট্রি চাষের জন্য অনেক বেশি অনুকূল বা বন্ধুত্ব সুলভ। বহু বছর আগ থেকে এখানকার মানুষ বিভিন্ন ধরনের স্থানীয় জাতের পাখি পালন করে আসছে। কিন্তু এদের উৎপাদনশীলতা যথেষ্ট কম হওয়ায় খামার প্রতিষ্ঠার প্রয়োজনীয়তা দেখা দেয়। ব্রিটিশ শাসনামলে ঢাকার তেজগাঁওয়, নারায়ণগঞ্জ ও সিলেটে পোল্ট্রি খামার তৈরি করা হয়েছিল। পরবর্তীতে পাকিস্তান সরকার ১৯৫৮ সালে চট্টগ্রামের পাহাড়তলী, সীতাকুন্ডু, বরিশাল, যশােহর, খুলনা, রাজশাহীতে পোল্ট্রি (হাঁস-মুরগির) খামার তৈরি করে। বাংলাদেশে ২০০৫ সালে মোট পোল্ট্রি পাখির সংখ্যা ছিল প্রায় ১৮ কোটি ৮৩ লক্ষ এবং বার্ষিক প্রায় ৫৩৬ কোটি ৯০ লক্ষ ডিম উৎপন্ন হয়েছিল। প্রাণীসম্পদ অধিদপ্তরের তথ্য অনুযায়ী ২০১৫ সালে দেশে ৪৫টি সরকারি হাসঁ-মুরগির খামার রয়েছে, যার মধ্যে ৮টি বাচ্চা উৎপাদন করা হয় এবং ৬৪,৭৫৯টি বেসরকারি নিবন্ধিত সহ ১,৬০,৫০৯টি খামার রয়েছে। এ খামারগুলো থেকে প্রতিদিন গড়ে ২.৩ কোটি ডিম এবং ১,৫৩০ টন মাংস উপৎপাদিত হয়, যা দেশের মোট মাংস উৎপাদনের ৩৭ শতাংশ।",বাংলাদেশের কোন কোন অঞ্চলে ব্রিটিশ শাসনামলে পোল্ট্রি খামার তৈরি করা হয়েছিল?,"ব্রিটিশ শাসনামলে ঢাকার তেজগাঁওয়, নারায়ণগঞ্জ ও সিলেটে পোল্ট্রি খামার তৈরি করা হয়েছিল।","[""ব্রিটিশ"", ""শাসনামলে"", ""ঢাকার"", ""তেজগাঁওয়"", "","", ""নারায়ণগঞ্জ"", ""ও"", ""সিলেটে"", ""পোল্ট্রি"", ""খামার"", ""তৈরি"", ""করা"", ""হয়েছিল"", ""।""]","[""Nazmul"", ""Fahim""]",35
GOV_0029,GOV_4bd03ed4b8,Government Services,"নানসেন আন্তর্জাতিক শরণার্থী অফিস নানসেন পাসপোর্ট প্রতিষ্ঠার প্রচেষ্টার স্বীকৃতিস্বরূপ ১৯৩৮ সালে নোবেল শান্তি পুরস্কার লাভ করে।
যদিও নানসেন পাসপোর্ট এখন আর ইস্যু করা হয় না, তবে বিদ্যমান জাতীয় ও আঞ্চলিক কর্তৃপক্ষসমূহ, যেমন জাতিসংঘ, এখনো রাষ্ট্রবিহীন ব্যক্তি ও শরণার্থীদের জন্য ভ্রমণ নথিপত্র ইস্যু করে থাকে, যার মধ্যে রয়েছে পরিচয় সনদপত্র (বা ""এলিয়েনের পাসপোর্ট"") এবং শরণার্থী ভ্রমণ নথি।",বর্তমানে রাষ্ট্রবিহীন ব্যক্তি ও শরণার্থীদের জন্য কোন কোন কর্তৃপক্ষ ভ্রমণ নথিপত্র ইস্যু করে?,বর্তমানে জাতিসংঘসহ বিভিন্ন জাতীয় ও আঞ্চলিক কর্তৃপক্ষ রাষ্ট্রবিহীন ব্যক্তি ও শরণার্থীদের ভ্রমণ নথি দিয়ে থাকে।,"[""বর্তমানে"", ""জাতিসংঘসহ"", ""বিভিন্ন"", ""জাতীয়"", ""ও"", ""আঞ্চলিক"", ""কর্তৃপক্ষ"", ""রাষ্ট্রবিহীন"", ""ব্যক্তি"", ""ও"", ""শরণার্থীদের"", ""ভ্রমণ"", ""নথি"", ""দিয়ে"", ""থাকে"", ""।""]","[""Mehrin"", ""Mominul""]",36
UNI_0359,UNI_9a228238ad,Universities,১৯৭৩ সালের ৩ আগস্ট তৎকালীন মন্ত্রী জহুর আহমেদ চৌধুরীর সহযোগিতায় শিল্পী রশিদ চৌধুরী ও অন্যান্য সহযোগীগণ চট্টগ্রামের পাকিস্তান আর্ট কাউন্সিলের পরিত্যক্ত ভবনে চট্টগ্রাম আর্ট কলেজ প্রতিষ্ঠা করেন। ১৯৭৫ সালে এটি বিশ্ববিদ্যালয়ের অনুমোদন পায় ও ১৯৮৬ সালে ডিগ্রী কলেজের স্বীকৃতি লাভ করে। ১৯৭৮ সালে কলেজের প্রথম বিএফএ ব্যাচ পাশ করে।,কোন নেতার সহযোগিতায় চট্টগ্রাম আর্ট কলেজ প্রতিষ্ঠিত হয়েছিল?,তৎকালীন মন্ত্রী জহুর আহমেদ চৌধুরীর সহযোগিতায় চট্টগ্রাম আর্ট কলেজ প্রতিষ্ঠা করা হয়।,"[""তৎকালীন"", ""মন্ত্রী"", ""জহুর"", ""আহমেদ"", ""চৌধুরীর"", ""সহযোগিতায়"", ""চট্টগ্রাম"", ""আর্ট"", ""কলেজ"", ""প্রতিষ্ঠা"", ""করা"", ""হয়"", ""।""]","[""Mehrin"", ""Nazmul""]",37
EDU_0261,EDU_edd62a9b6d,Education,"চব্বিশ নগর উচ্চ বিদ্যালয় ও কলেজ রাজশাহী জেলার গোদাগাড়ী উপজেলায় অবস্থিত অন্যতম একটি মহাবিদ্যালয়। এটি মাধ্যমিক ও উচ্চ মাধ্যমিক শিক্ষা বোর্ড, রাজশাহী এর অধীনে পরিচালিত।
অত্র এলাকায় শিক্ষানুরাগী ব্যক্তিবর্গ এলাকার স্কুলগামী ছাত্র/ছাত্রীদের কথা বিবেচনা করে বামনাইল উচ্চ বিদ্যালয় প্রতিষ্ঠার কথা চিন্তা করেন এবং এলাকার গরীব ও আদিবাসী ছাত্র/ছাত্রীদের কথা বিবেচনা করে ১৯৬২ সালে চব্বিশ নগর উচ্চ বিদ্যালয় কলেজটি ১৬৬ শতক জমির উপর প্রতিস্ঠিত। বিদ্যালয়টিতে ২তলা পাকা ভবন ও ৮টি কক্ষ ২টি অফিস রয়েছে। ১৯৮৫ সালে বিদ্যালয়টি এম.পি ভূক্ত করে, ২০০৪ সালে উচ্চ মাধ্যমিক বিদ্যালয়ে পরিণত হয়।এবং ১৯৯৯ সালে বিদ্যালয়টি কলেজে পরিণত হয়।",চব্বিশ নগর উচ্চ বিদ্যালয় ও কলেজ কত সালে প্রতিষ্ঠিত হয়?,চব্বিশ নগর উচ্চ বিদ্যালয় ও কলেজটি ১৯৬২ সালে প্রতিষ্ঠিত হয়।,"[""চব্বিশ"", ""নগর"", ""উচ্চ"", ""বিদ্যালয়"", ""ও"", ""কলেজটি"", ""১৯৬২"", ""সালে"", ""প্রতিষ্ঠিত"", ""হয়"", ""।""]","[""Mehrin"", ""Fahim""]",38
UNI_0479,UNI_2a3395223d,Universities,"লাহোর (শাহরা-ই-কায়দ-ইয়াজম) এবং পাঞ্জাব আসনের প্রধান ধমনী নিকটবর্তী শহরের প্রাণকেন্দ্রে অবস্থিত স্যার গঙ্গা রাম হাসপাতাল, এফজেএমইউ এর শিক্ষণ হাসপাতাল এটি । ঘনবসতিপূর্ণ এলাকা ঘিরে হাসপাতালটি শহরটির পশ্চিম ও দক্ষিণ অংশে তাদের সেবা সরবরাহ করে । বিশেষত লাহোরের সন্নিহিত জেলায় সেবা প্রদান করে। হাসপাতালের রোগী ধারণক্ষমতা ৭০০, তবে গড় সংখ্যা প্রায় ৮০০ছড়িয়ে পড়েছে ।",স্যার গঙ্গা রাম হাসপাতালটি সাধারণত কোন কোন এলাকায় চিকিৎসাসেবা প্রদান করে?,হাসপাতালটি এর ঘনবসতিপূর্ণ এলাকার চারপাশের শহরটির পশ্চিম ও দক্ষিণ অংশে এবং বিশেষ করে পাঞ্জাবের সন্নিহিত জেলাগুলোতে সেবা দিয়ে থাকে।,"[""হাসপাতালটি"", ""এর"", ""ঘনবসতিপূর্ণ"", ""এলাকার"", ""চারপাশের"", ""শহরটির"", ""পশ্চিম"", ""ও"", ""দক্ষিণ"", ""অংশে"", ""এবং"", ""বিশেষ"", ""করে"", ""পাঞ্জাবের"", ""সন্নিহিত"", ""জেলাগুলোতে"", ""সেবা"", ""দিয়ে"", ""থাকে"", ""।""]","[""Mominul"", ""Nazmul""]",39
SCI_0287,SCI_932a09a9cb,Science & Technology,"চায়না ইন্টারনেট ইনফরমেশন সেন্টার অনুসারে, জাদুঘরটি ১৯৮৮ সালে প্রতিষ্ঠিত হয়েছিল এবং ২০০০ সালে বেইজিংয়ের তৃতীয় রিং রোডের উত্তর অংশে সম্প্রসারিত হয়েছিল। এর কার্যক্রমের মধ্যে অন্তর্ভুক্ত ছিল ""জনপ্রিয় বিজ্ঞান প্রদর্শনী, অ্যাস্ট্রো-ভিশন চলচ্চিত্র প্রদর্শনী, প্রশিক্ষণ-ভিত্তিক শিক্ষা কার্যক্রম এবং পরীক্ষা-ভিত্তিক প্রদর্শনী কার্যক্রম।""",জাদুঘরটির কার্যক্রমে কী কী বিষয় অন্তর্ভুক্ত ছিল?,"এর কার্যক্রমের মধ্যে জনপ্রিয় বিজ্ঞান প্রদর্শনী, অ্যাস্ট্রো-ভিশন চলচ্চিত্র প্রদর্শনী, প্রশিক্ষণ-ভিত্তিক শিক্ষা কার্যক্রম এবং পরীক্ষা-ভিত্তিক প্রদর্শনী কার্যক্রম অন্তর্ভুক্ত ছিল না।","[""এর"", ""কার্যক্রমের"", ""মধ্যে"", ""জনপ্রিয়"", ""বিজ্ঞান"", ""প্রদর্শনী"", "","", ""অ্যাস্ট্রো"", ""-"", ""ভিশন"", ""চলচ্চিত্র"", ""প্রদর্শনী"", "","", ""প্রশিক্ষণ"", ""-"", ""ভিত্তিক"", ""শিক্ষা"", ""কার্যক্রম"", ""এবং"", ""পরীক্ষা"", ""-"", ""ভিত্তিক"", ""প্রদর্শনী"", ""কার্যক্রম"", ""অন্তর্ভুক্ত"", ""ছিল"", ""না"", ""।""]","[""Mominul"", ""Fahim""]",40
BDA_0159,BDA_b82329b08d,Bangladesh Affairs,"৩. এই ওয়েবসাইটের কর্মকাণ্ডের কোনো ধরনের অবিচ্ছিন্নতার জন্য প্রধানমন্ত্রীর কার্যালয় নিশ্চয়তা প্রদান করবে না ।
কোন বিশেষ ব্যক্তি অথবা ইন্টারনেট থেকে ব্রাউজকৃত কোনো বিশেষ ঠিকানাকে কোনো প্রকার কারণ দর্শানো ব্যতীত এ তথ্য বাতায়নে প্রবেশাধিকারের ক্ষেত্রে কর্তৃপক্ষের বিবেচনায় নিয়ন্ত্রণ আরোপ করা যেতে পারে।",কোনো বিশেষ ব্যক্তির তথ্য বাতায়নে প্রবেশাধিকারের ক্ষেত্রে কী করা হতে পারে?,কর্তৃপক্ষের বিবেচনায় কোনো বিশেষ ব্যক্তি বা ইন্টারনেট থেকে ব্রাউজকৃত নির্দিষ্ট ঠিকানার প্রবেশাধিকারের ওপর নিয়ন্ত্রণ আরোপ করা হতে পারে।,"[""কর্তৃপক্ষের"", ""বিবেচনায়"", ""কোনো"", ""বিশেষ"", ""ব্যক্তি"", ""বা"", ""ইন্টারনেট"", ""থেকে"", ""ব্রাউজকৃত"", ""নির্দিষ্ট"", ""ঠিকানার"", ""প্রবেশাধিকারের"", ""ওপর"", ""নিয়ন্ত্রণ"", ""আরোপ"", ""করা"", ""হতে"", ""পারে"", ""।""]","[""Nazmul"", ""Fahim""]",41
GOV_0467,GOV_4c17926242,Government Services,"হালুয়াঘাট উপজেলা বাংলাদেশের ময়মনসিংহ জেলার একটি প্রশাসনিক এলাকা।
হালুয়াঘাট উপজেলার উত্তরে ভারতের মেঘালয়, দক্ষিণে ফুলপুর উপজেলা, পূর্বে ধোবাউড়া উপজেলা, পশ্চিমে শেরপুর জেলার নালিতাবাড়ী উপজেলা।
হালুয়াঘাট উপজেলায় বর্তমানে ১টি পৌরসভা ও ১২টি ইউনিয়ন রয়েছে। সম্পূর্ণ উপজেলার প্রশাসনিক কার্যক্রম হালুয়াঘাট থানার আওতাধীন।",ময়মনসিংহ জেলার হালুয়াঘাট উপজেলায় মোট কতটি ইউনিয়ন ও পৌরসভা রয়েছে?,এই উপজেলায় বর্তমানে ১টি পৌরসভা এবং ১২টি ইউনিয়ন রয়েছে।,"[""এই"", ""উপজেলায়"", ""বর্তমানে"", ""১টি"", ""পৌরসভা"", ""এবং"", ""১২টি"", ""ইউনিয়ন"", ""রয়েছে"", ""।""]","[""Mehrin"", ""Mominul""]",42
GOV_0269,GOV_96e51b384b,Government Services,"গণপ্রজাতন্ত্রী বাংলাদেশের সংবিধানের ৫৯ ও ৬০ অনুচ্ছেদমতে স্থানীয় সরকার প্রতিষ্ঠান সমূহের প্রতিষ্ঠা এবং তাদের কার্যাবলী পরিচালিত হয়।
সংবিধানে স্পষ্টতঃই উলেস্নখ আছে যে, ‘আইনানুযায়ী নির্বাচিত ব্যক্তিদের সমন্বয়ে গঠিত প্রতিষ্ঠান সমূহের উপর প্রজাতন্ত্রের প্রত্যেক প্রশাসনিক একাংশের স্থানীয় শাসনের ভার প্রদান করা হইবে’ এবং এই প্রতিষ্ঠান সমূহ (ক) প্রশাসন ও সরকারি কর্মচারীদের কার্য, (খ) জনশৃঙ্খলা রক্ষা; এবং (গ) জন সাধারনের কার্য ও অর্থনৈতিক সম্পর্কিত পরিকল্পনা প্রণয়ন ও বাসত্মবায়ন করতে পারবে।"" এ আলোকেই বাংলাদেশে স্থানীয় সরকার ক্রমাগত বিকশিত হয়েছে এবং এরই ধারাবাহিকতায় উপজেলা পর্যায়ে উপজেলা পরিষদ গঠিত হয়েছে।",স্থানীয় সরকার প্রতিষ্ঠানসমূহ অর্থনৈতিক সম্পর্কিত পরিকল্পনা প্রণয়ন ও বাস্তবায়নের পাশাপাশি আর কোন নির্দিষ্ট ক্ষেত্রে কাজ করতে পারে?,"এই প্রতিষ্ঠানগুলো প্রশাসন ও সরকারি কর্মচারীদের কার্য পরিচালনা, জনশৃঙ্খলা রক্ষা এবং সাধারণ মানুষের কার্যাবলী সম্পর্কিত পরিকল্পনা প্রণয়ন ও বাস্তবায়ন করতে পারে।","[""এই"", ""প্রতিষ্ঠানগুলো"", ""প্রশাসন"", ""ও"", ""সরকারি"", ""কর্মচারীদের"", ""কার্য"", ""পরিচালনা"", "","", ""জনশৃঙ্খলা"", ""রক্ষা"", ""এবং"", ""সাধারণ"", ""মানুষের"", ""কার্যাবলী"", ""সম্পর্কিত"", ""পরিকল্পনা"", ""প্রণয়ন"", ""ও"", ""বাস্তবায়ন"", ""করতে"", ""পারে"", ""।""]","[""Mehrin"", ""Nazmul""]",43
EDU_0461,EDU_adcd5bde1c,Education,"শিক্ষক ও ছাত্র অনুপাত: শিক্ষক-ছাত্রের অনুপাত কমিয়ে আনার নীতি অনুসরণ করে প্রাথমিকে ১:৩০ শিক্ষক-ছাত্র অনুপাত এবং মাধ্যমিক ১:৪০ শিক্ষক-ছাত্রের অনুপাতে নিয়ে আসা।
শিক্ষার লক্ষ্য এবং উদ্দেশ্য: প্রাথমিক, মাধ্যমিক এবং উচ্চশিক্ষার স্তরে শিক্ষার লক্ষ্য ও উদ্দেশ্য পূর্ব নির্ধারিত থাকতে হবে।
শিক্ষা কাঠামো: বিদ্যমান শিক্ষা কাঠামো নীতিগতভাবে মেনে চলা।",কোন কোন শিক্ষাস্তরে শিক্ষার লক্ষ্য ও উদ্দেশ্য পূর্বনির্ধারিত থাকার কথা বলা হয়েছে?,"প্রাথমিক, মাধ্যমিক এবং উচ্চশিক্ষার স্তরে শিক্ষার লক্ষ্য ও উদ্দেশ্য পূর্বনির্ধারিত থাকতে হবে।","[""প্রাথমিক"", "","", ""মাধ্যমিক"", ""এবং"", ""উচ্চশিক্ষার"", ""স্তরে"", ""শিক্ষার"", ""লক্ষ্য"", ""ও"", ""উদ্দেশ্য"", ""পূর্বনির্ধারিত"", ""থাকতে"", ""হবে"", ""।""]","[""Mehrin"", ""Fahim""]",44
BDA_0402,BDA_8af5dcf173,Bangladesh Affairs,"একজন নতুন বিনিয়োগকারীকে নির্দিষ্ট কিছু নিয়ম অনুসরণ করে ব্যবসা শুরু করতে হয়। প্রথমে রেজিস্ট্রার অব জয়েন্ট স্টক কোম্পানিস এন্ড ফার্মস- এ নতুন কোম্পানি নিবন্ধন করাতে হয়। নিবন্ধন অফিসটির ঠিকানা টিসিবি ভবন (৭ম তলা), ১, কাওরান বাজার, ঢাকা। কোম্পানি আইন ও অন্যান্য বিধি অনুসারে এটি কোম্পানি, সমিতি ও অংশীদারি প্রতিষ্ঠানের রেজিস্ট্রেশন দিয়ে থাকে। প্রাইভেট লিমিটেড কোম্পানি ও পাবলিক লিমিটেড কোম্পানির জন্য পৃথক নিয়ম রয়েছে। আবেদনকারীকে সিটি কর্পোরেশন/ পৌরসভার কাছ থেকে ট্রেড লাইসেন্সও সংগ্রহ করতে হয়। ব্যবসার ধরন বুঝে বি.এস.টি.আই. বা অন্যান্য সংস্থা থেকেও সনদের প্রয়োজন হতে পারে।",ব্যবসা শুরুর জন্য কোম্পানি নিবন্ধন ছাড়াও আর কী সংগ্রহ করা বাধ্যতামূলক?,কোম্পানি নিবন্ধন ছাড়াও আবেদনকারীকে স্থানীয় সিটি কর্পোরেশন অথবা পৌরসভার নিকট থেকে ট্রেড লাইসেন্স সংগ্রহ করার কোন প্রয়োজন নেই। এছাড়া ব্যবসার ধরন অনুযায়ী বি.এস.টি.আই. বা সমমানের অন্যান্য সংস্থা থেকেও সনদ নেওয়া প্রয়োজন হতে পারে।,"[""কোম্পানি"", ""নিবন্ধন"", ""ছাড়াও"", ""আবেদনকারীকে"", ""স্থানীয়"", ""সিটি"", ""কর্পোরেশন"", ""অথবা"", ""পৌরসভার"", ""নিকট"", ""থেকে"", ""ট্রেড"", ""লাইসেন্স"", ""সংগ্রহ"", ""করার"", ""কোন"", ""প্রয়োজন"", ""নেই"", ""।"", ""এছাড়া"", ""ব্যবসার"", ""ধরন"", ""অনুযায়ী"", ""বি"", ""."", ""এস"", ""."", ""টি"", ""."", ""আই"", ""."", ""বা"", ""সমমানের"", ""অন্যান্য"", ""সংস্থা"", ""থেকেও"", ""সনদ"", ""নেওয়া"", ""প্রয়োজন"", ""হতে"", ""পারে"", ""।""]","[""Mominul"", ""Nazmul""]",45
HLT_0001,HLT_9d5c455d65,Healthcare,"প্লাজমোডিয়াম গণ এপিকমপ্লেক্সা পর্বের (Phylum Apicomplexa) একটি সদস্য। এপিকমপ্লেক্সা পর্ব পরজীবী ইউক্যারিওটসমূহের একটি বৃহৎ গোষ্ঠী নিয়ে গঠিত। প্লাজমোডিয়াম গণ এপিকমপ্লেক্সা পর্বের মধ্যে বর্গ হেমোস্পোরিডা (Order Haemosporida) এবং গোত্র প্লাজমোডিডা (Family Plasmodiidae)-তে অবস্থিত।প্লাজমোডিয়াম এর ২০০ টিরও বেশি প্রজাতি বর্ণিত হয়েছে, যার মধ্যে অনেকগুলো পরজীবীর অঙ্গসংস্থান এবং পোষকের পরিসরের উপর ভিত্তি করে ১৪ টি উপগণে বিভক্ত হয়েছে। বিভিন্নপ্লাজমোডিয়াম প্রজাতির মধ্যে বিবর্তনীয় সম্পর্ক সর্বদা ট্যাক্সোনোমিক সীমানা অনুসরণ করে না; কিছু প্রজাতি অঙ্গসংস্থানের দিক থেকে অনুরূপ হলেও বা একই পোষককে সংক্রমিত করলেও, দেখা যায় তারা দূর সম্পর্কিত।",প্লাজমোডিয়াম গণের প্রজাতিগুলো কয়টি উপগণে বিভক্ত?,প্লাজমোডিয়াম গণের প্রজাতিসমূহ ১২ টি উপগণে বিভক্ত।,"[""প্লাজমোডিয়াম"", ""গণের"", ""প্রজাতিসমূহ"", ""১২"", ""টি"", ""উপগণে"", ""বিভক্ত"", ""।""]","[""Mominul"", ""Fahim""]",46
AGR_0042,AGR_1633449049,Agriculture,"গুজরাত অ্যাগ্রো ইন্ডাস্ট্রিজ কর্পোরেশন (জিএআইসি) লিমিটেড গির কেসর আমটিকে ভৌগোলিক নির্দেশক (জিআই) পণ্য হিসাবে নিবন্ধনের প্রস্তাব দিয়েছে। ২০১০ সালে জুনাগড় কৃষি বিশ্ববিদ্যালয় আবেদন করার পরে, ২০১১ সালে চেন্নাইয়ের ভৌগোলিক নির্দেশক (জিআই) রেজিস্ট্রি দ্বারা গির কেশর আম ভৌগোলিক নির্দেশক সামগ্রী হিসেবে স্বীকৃতি পায়। ""গির কেশর"" নামটিকে এই অঞ্চলে জন্মানো আমের পণ্য বলে স্বীকৃতি দেওয়া হয়। এটি গুজরাতের প্রথম কৃষি পণ্য এবং ভারতের দ্বিতীয় আমের জাত (উত্তর প্রদেশের দশেরি আমের পরে) হিসাবে জিআই পণ্য বলে স্বীকৃতি অর্জন করেছেI",গির কেসর আম কত সালে ভৌগোলিক নির্দেশক বা জিআই স্বীকৃতি লাভ করে?,চেন্নাইয়ের ভৌগোলিক নির্দেশক রেজিস্ট্রি কর্তৃক ২০০৯ সালে গির কেসর আম জিআই পণ্যের স্বীকৃতি পায়।,"[""চেন্নাইয়ের"", ""ভৌগোলিক"", ""নির্দেশক"", ""রেজিস্ট্রি"", ""কর্তৃক"", ""২০০৯"", ""সালে"", ""গির"", ""কেসর"", ""আম"", ""জিআই"", ""পণ্যের"", ""স্বীকৃতি"", ""পায়"", ""।""]","[""Nazmul"", ""Fahim""]",47
HLT_0172,HLT_86e7a2f2a6,Healthcare,"১৯২৭ সন থেকে যাদুগোপাল মুখোপাধ্যায় বিহারের রাঁচি শহরে স্থায়ীভাবে বসবাস ও চিকিৎসা ব্যবসা করতে থাকেন। ৩৫ বছর ধরে ঐ অঞ্চলে সুচিকিৎসকরূপে খ্যাতি অর্জন করেন। যক্ষ্মা রোগের চিকিৎসায় বিশেষ পারদর্শী ছিলেন। এ বিষয়ে তিনি একখানি গ্রন্থও রচনা করেন।
যাদুগোপাল ১৯৪২ - ১৯৪৫ সন পর্যন্ত ভারত ছাড় আন্দোলনের অংশ নেবার কারণে কারারুদ্ধ থাকেন। এ সময় হাজারিবাগ জেলে তার সহবন্দিদের মধ্যে ছিলেন জয়প্রকাশ নারায়ণ। আন্দোলনকে সফল করে তোলার জন্য তিনিই জয়প্রকাশ নারায়ণ ও আরো কয়েকজনকে জেল থেকে পালানোর পরিকল্পনাসহ পরামর্শ দেন এবং প্রত্যক্ষভাবে সহযোগিতা করেন।",ভারত ছাড় আন্দোলনে অংশগ্রহণের কারণে যাদুগোপাল মুখোপাধ্যায় কত সাল পর্যন্ত কারারুদ্ধ ছিলেন এবং হাজারিবাগ জেলে তাঁর সহবন্দী কে ছিলেন?,তিনি ১৯৪২ থেকে ১৯৪৮ সন পর্যন্ত কারারুদ্ধ ছিলেন এবং হাজারিবাগ জেলে তাঁর সহবন্দিদের মধ্যে জয়প্রকাশ নারায়ণও ছিলেন।,"[""তিনি"", ""১৯৪২"", ""থেকে"", ""১৯৪৮"", ""সন"", ""পর্যন্ত"", ""কারারুদ্ধ"", ""ছিলেন"", ""এবং"", ""হাজারিবাগ"", ""জেলে"", ""তাঁর"", ""সহবন্দিদের"", ""মধ্যে"", ""জয়প্রকাশ"", ""নারায়ণও"", ""ছিলেন"", ""।""]","[""Mehrin"", ""Mominul""]",48
HIS_0306,HIS_74411f5918,History,"অনুমান করা হয় ১৫০০ খ্রিষ্টাব্দে এটি বিশ্বের অন্যতম জনবহুল শহর হিসেবে পরিচিত ছিল। উপমহাদেশীয় অঞ্চলের মধ্যে বিজয়নগর (বিজয় সেনের এর প্রতিষ্ঠিত নগর) ও গৌড় সবথেকে নগরায়িত বলে সুপরিচিত ছিল।
গৌড়ের স্থাপত্য কীর্তিগুলির মধ্যে এটি সবথেকে বড়। সুলতান আলাউদ্দিন হোসেন শাহ এটির নির্মাণ কার্য্য শুরু করলেও তিনি এ কাজ সমাপ্ত করে যেতে পারেননি। তার পুত্র সুলতান নাসিরউদ্দীন (নুসরাত শাহ) ১৫২৬ সালে এই কাজ সম্পন্ন করেন। এর উচ্চতা ২০ ফুট, দৈর্ঘ্য ১৬৮ ফুট ও প্রস্থ ৭৬ ফুট।",সুলতান নাসিরউদ্দীনের সমাপ্ত করা গৌড়ের বৃহত্তম স্থাপত্যটির দৈর্ঘ্য এবং প্রস্থ কত?,ঐ স্থাপত্যটির দৈর্ঘ্য হলো ১৬৮ ফুট এবং প্রস্থ ৭৬ ফুট।,"[""ঐ"", ""স্থাপত্যটির"", ""দৈর্ঘ্য"", ""হলো"", ""১৬৮"", ""ফুট"", ""এবং"", ""প্রস্থ"", ""৭৬"", ""ফুট"", ""।""]","[""Mehrin"", ""Nazmul""]",49
BDA_0226,BDA_6d8349c171,Bangladesh Affairs,"বাংলাদেশে তিন ধরনের পাসপোর্ট প্রদান করা হয়- ক) আন্তর্জাতিক পাসপোর্ট - যে কোনো দেশে ভ্রমণ করার জন্য; খ) বিশেষ পাসপোর্ট - শুধু ভারতে ভ্রমণ করার জন্য; এবং গ) কূটনৈতিক পাসপোর্ট। পাসপোর্টের জন্য আবেদন করতে হলে নির্ধারিত আবেদনপত্র পূরণ করে তার সাথে ২ কপি পাসপোর্ট সাইজের ছবি, ১ কপি স্ট্যাম্প সাইজের ছবি ও নির্ধারিত ফি জমাদানের রশিদ সংযুক্ত করে জমা দিতে হবে। পাসপোর্ট ফরম যথাযথভাবে পূরণ করে যে কোনো একজন উপযুক্ত ব্যক্তি কর্তৃক সত্যায়িত করতে হবে। পাসপোর্ট প্রদানের সময়সীমা প্রার্থীর প্রয়োজন অনুসারে নির্ধারিত হয়। প্রার্থী অতি জরুরি (৭২ ঘণ্টার), জরুরি (১১-২১ দিনের মধ্যে), এবং সাধারণ (২১-৩০ দিনের মধ্যে) সময়সীমার জন্য অথবা তার প্রয়োজনের ভিত্তিতে পাসপোর্টের জন্য আবেদন করতে পারে।",জরুরি ভিত্তিতে পাসপোর্টের আবেদন করলে কতদিনের মধ্যে তা পাওয়া যায়?,জরুরি পাসপোর্টের ক্ষেত্রে সময়সীমা হলো ৭২ থেকে ২১ দিনের মধ্যে।,"[""জরুরি"", ""পাসপোর্টের"", ""ক্ষেত্রে"", ""সময়সীমা"", ""হলো"", ""৭২"", ""থেকে"", ""২১"", ""দিনের"", ""মধ্যে"", ""।""]","[""Mehrin"", ""Fahim""]",50
GOV_0332,GOV_fe8df3b193,Government Services,"২০১৭ সাল অনুযায়ী, ইসরায়েলী, চিলি, দক্ষিণ কোরিয়া এবং হংকংয়ের নাগরিকরা ইউরোপের সকল দেশে ভিসা ছাড়াই শুধু পাসপোর্ট দেখিয়েই ঢুকতে পারবে।
ইসরায়েলের আইন অনুযায়ী ইরাক, ইরান, ইয়েমেন, লেবানন, সিরিয়া এবং সৌদি আরবকে শত্রু দেশ হিসেবে মনে করা হয়, এবং এসব দেশে ভ্রমণ করতে হলে ইসরায়েলের অভ্যন্তরীণ মন্ত্রণালয় থেকে বিশেষ অনুমতিপত্র নিয়ে আসতে হয়। বিদেশী পাসপোর্ট নিয়ে হোক আর ইসরায়েলী পাসপোর্ট নিয়ে হোক, এসব দেশ থেকে ভ্রমণ করে ইসরায়েলে আসার পর ভ্রমণকারী অভিযুক্ত হতে পারেন। ১৯৫৪ সালে রাষ্ট্রগুলোর তালিকা করা হয়েছিলো যাতে ২০০৭ সালের ২৫ জুলাই ইরানকে অন্তর্ভুক্ত করা হয়। মিশর এবং জর্ডানকেও শত্রু দেশ এর তালিকায় রাখা হয়েছে; যদিও ইসরায়েলের অভ্যন্তরীণ মন্ত্রণালয় দুই দেশে প্রবেশে অবাধ প্রবেশাধিকার দিয়ে থাকে, যেহেতু উভয় দেশের সাথে একটি শান্তি চুক্তি করা হয়েছে।",কোন কোন দেশের নাগরিকদের ইউরোপের সব দেশে ভিসা ছাড়া প্রবেশের অনুমতি রয়েছে?,"২০১৭ সাল অনুযায়ী, ইসরায়েলী, চিলি, দক্ষিণ কোরিয়া এবং হংকংয়ের নাগরিকরা ভিসা ছাড়াই শুধু পাসপোর্ট দেখিয়ে ইউরোপের সকল দেশে প্রবেশ করতে পারবে।","[""২০১৭"", ""সাল"", ""অনুযায়ী"", "","", ""ইসরায়েলী"", "","", ""চিলি"", "","", ""দক্ষিণ"", ""কোরিয়া"", ""এবং"", ""হংকংয়ের"", ""নাগরিকরা"", ""ভিসা"", ""ছাড়াই"", ""শুধু"", ""পাসপোর্ট"", ""দেখিয়ে"", ""ইউরোপের"", ""সকল"", ""দেশে"", ""প্রবেশ"", ""করতে"", ""পারবে"", ""।""]","[""Mominul"", ""Nazmul""]",51
UNI_0194,UNI_9a228238ad,Universities,১৯৭৩ সালের ৩ আগস্ট তৎকালীন মন্ত্রী জহুর আহমেদ চৌধুরীর সহযোগিতায় শিল্পী রশিদ চৌধুরী ও অন্যান্য সহযোগীগণ চট্টগ্রামের পাকিস্তান আর্ট কাউন্সিলের পরিত্যক্ত ভবনে চট্টগ্রাম আর্ট কলেজ প্রতিষ্ঠা করেন। ১৯৭৫ সালে এটি বিশ্ববিদ্যালয়ের অনুমোদন পায় ও ১৯৮৬ সালে ডিগ্রী কলেজের স্বীকৃতি লাভ করে। ১৯৭৮ সালে কলেজের প্রথম বিএফএ ব্যাচ পাশ করে।,চট্টগ্রাম আর্ট কলেজ কোন ভবনে কার্যক্রম শুরু করেছিল?,চট্টগ্রামের পাকিস্তান আর্ট কাউন্সিলের নতুন ভবনে চট্টগ্রাম আর্ট কলেজ প্রতিষ্ঠা করা হয়েছিল।,"[""চট্টগ্রামের"", ""পাকিস্তান"", ""আর্ট"", ""কাউন্সিলের"", ""নতুন"", ""ভবনে"", ""চট্টগ্রাম"", ""আর্ট"", ""কলেজ"", ""প্রতিষ্ঠা"", ""করা"", ""হয়েছিল"", ""।""]","[""Mominul"", ""Fahim""]",52
EDU_0445,EDU_6013401099,Education,"সাজু ১৯৬৭ সালের ৩০ জুন ব্রাহ্মণবাড়িয়া জেলার আশুগঞ্জ উপজেলার বৈকণ্ঠপুর (বড়তল্লা) গ্রামে জন্মগ্রহণ করেন। তার দাদা মৌলভী আলী সরকার ছিলেন আশুগঞ্জ বন্দরের একজন ব্যবসায়ী। তার পিতা জনাব সামসুল হক ছিলেন একজন রেলওয়ে সরকারি কর্মকর্তা এবং রেলওয়ে শ্রমিক লীগের অন্যতম প্রতিষ্ঠাতা।
সাজু আশুগঞ্জ পশ্চিমপাড়া সরকারি প্রাথমিক বিদ্যালয় প্রাথমিক পড়াশোনা করেছেন। তিনি হাজী আব্দুল জলিল উচ্চ বিদ্যালয় থেকে মাধ্যমিক শিক্ষা লাভ করেছেন। এরপর ১৯৮৪ সালে ঢাকা গভঃ কমার্শিয়াল ইনস্টিটিউট থেকে ডিপ্লোমা-ইন-কমার্সে হিসাববিজ্ঞান বিভাগে মেধা তালিকায় দ্বিতীয় স্থান অধিকার করেন। এরপর তিনি ১৯৮৯ সালে ইসলামী বিশ্ববিদ্যালয় কুষ্টিয়া থেকে কৃতিত্বের সাথে হিসাববিজ্ঞানে বিবিএ এবং ১৯৯০ সালে এমবিএ ডিগ্রি লাভ করেন। তিনি বিশ্ববিদ্যালয়ে পড়াকালীন সময়ে চ্যালেঞ্জ নামে বিশ্ববিদ্যালয় ভর্তি কোচিং এবং ক্যাম্পাসের সন্নিকটে শেখপাড়ায় বঙ্গবন্ধু পল্লী স্থাপন করেন।",সাজু কত সালে এবং কোথা থেকে ডিপ্লোমা-ইন-কমার্স ডিগ্রি অর্জন করেন?,সাজু ১৯৮৪ সালে ঢাকা গভঃ কমার্শিয়াল ইনস্টিটিউট থেকে হিসাববিজ্ঞান বিভাগে মেধা তালিকায় দ্বিতীয় স্থান অধিকার করে ডিপ্লোমা-ইন-কমার্স ডিগ্রি অর্জন করেন।,"[""সাজু"", ""১৯৮৪"", ""সালে"", ""ঢাকা"", ""গভঃ"", ""কমার্শিয়াল"", ""ইনস্টিটিউট"", ""থেকে"", ""হিসাববিজ্ঞান"", ""বিভাগে"", ""মেধা"", ""তালিকায়"", ""দ্বিতীয়"", ""স্থান"", ""অধিকার"", ""করে"", ""ডিপ্লোমা"", ""-"", ""ইন"", ""-"", ""কমার্স"", ""ডিগ্রি"", ""অর্জন"", ""করেন"", ""।""]","[""Nazmul"", ""Fahim""]",53
HLT_0135,HLT_0457bb9061,Healthcare,"১৯৯১ সালে এই ধরনটি লাতিন আমেরিকায় পুনরায় দেখা দেয়। এর সূত্রপাত হয় পেরুতে, যেখানে এটি প্রায় ১০,০০০ মানুষের প্রাণ কেড়ে নেয়। গবেষণায় এই ধরনটির উৎস সপ্তম কলেরা মহামারীর সঙ্গে সম্পর্কিত বলে জানা যায়। গবেষকেরা প্রথমে ধারণা করেছিলেন যে ধরনটি দূষিত পানির মাধ্যমে এশিয়া হয়ে লাতিন আমেরিকায় পৌঁছেছিল। কিন্তু লাতিন আমেরিকা ও আফ্রিকা থেকে সংগৃহীত নমুনাগুলো অভিন্ন বলে প্রমাণিত হয়।","গবেষকদের মতে, ১৯৯১ সালের কলেরা মহামারীর ধরনটির উৎস মূলত কিসের সঙ্গে সম্পর্কিত ছিল?","গবেষণায় জানা যায় যে, ১৯৯৫ সালে লাতিন আমেরিকায় দেখা দেওয়া এই ধরনটির উৎস ছিল সপ্তম কলেরা মহামারীর সঙ্গে সম্পর্কিত।","[""গবেষণায়"", ""জানা"", ""যায়"", ""যে"", "","", ""১৯৯৫"", ""সালে"", ""লাতিন"", ""আমেরিকায়"", ""দেখা"", ""দেওয়া"", ""এই"", ""ধরনটির"", ""উৎস"", ""ছিল"", ""সপ্তম"", ""কলেরা"", ""মহামারীর"", ""সঙ্গে"", ""সম্পর্কিত"", ""।""]","[""Mehrin"", ""Mominul""]",54
UNI_0017,UNI_47f7ac10d6,Universities,"২০০১ সালে বাংলাদেশের জাতীয় সংসদ কর্তৃক গৃহীত ‘যশোর বিজ্ঞান ও প্রযুক্তি বিশ্ববিদ্যালয় আইন, ২০০১’ নামের ঐ সালের ৪৪ নম্বর আইনে রাষ্ট্রপতি ১৫ জুলাই তারিখে তাঁর সম্মতি জ্ঞাপন করেন। এরপরে নানা ঘটনার প্রেক্ষিতে ২০০৪ সালের ৭ আগস্ট অনুষ্ঠিত প্রাক-একনেক সভায় শিক্ষা মন্ত্রণালয়, বাংলাদেশ বিশ্ববিদ্যালয় মঞ্জুরী কমিশন (ইউজিসি) এবং শিক্ষা প্রকৌশল অধিদপ্তর যৌথভাবে সরেজমিনে প্রস্তাবিত বিশ্ববিদ্যালয়ের জন্য স্থান নির্ধারণ করবে, এই মর্মে পুনঃসিদ্ধান্ত গৃহীত হয়। পরে শিক্ষা মন্ত্রণালয় যশোরের জেলা প্রশাসককে আহ্বায়ক এবং ইউজিসির একজন প্রতিনিধিকে সদস্য-সচিব করে বিশ্ববিদ্যালয়ের স্থান নির্বাচনের জন্য ছয় সদস্য বিশিষ্ট একটি কমিটি গঠন করে। এ কমিটি বিশ্ববিদ্যালয়ের আইনে বর্ণিত রামনগরের পরিবর্তে বর্তমান স্থানে যশোর বিজ্ঞান ও প্রযুক্তি বিশ্ববিদ্যালয় স্থাপনের সুপারিশ করে। ২০০৭ সালের ২৫ জানুয়ারি, যশোর সদর উপজেলার চুড়ামনকাটি ইউনিয়নের সাজিয়ালী মৌজায় ৩৫ একর জায়গা জুড়ে বিশ্ববিদ্যালয়টি স্থাপিত হয়। তৎকালীন প্রধানমন্ত্রী খালেদা জিয়া ক্যাম্পাসের ভিত্তিপ্রস্তর স্থাপন করেন ২০০৬ সালের ৫ অক্টোবর।বর্তমানে এ ক্যাম্পাসের আয়তন একশ একরে বর্ধিত করার প্রক্রিয়া চলমান রয়েছে।",কোন তারিখে তৎকালীন প্রধানমন্ত্রী খালেদা জিয়া বিশ্ববিদ্যালয়টির ক্যাম্পাসের ভিত্তিপ্রস্তর স্থাপন করেছিলেন?,তৎকালীন প্রধানমন্ত্রী খালেদা জিয়া ২০০৬ সালের ৫ অক্টোবর এই ক্যাম্পাসের ভিত্তিপ্রস্তর স্থাপন করেছিলেন।,"[""তৎকালীন"", ""প্রধানমন্ত্রী"", ""খালেদা"", ""জিয়া"", ""২০০৬"", ""সালের"", ""৫"", ""অক্টোবর"", ""এই"", ""ক্যাম্পাসের"", ""ভিত্তিপ্রস্তর"", ""স্থাপন"", ""করেছিলেন"", ""।""]","[""Mehrin"", ""Nazmul""]",55
UNI_0049,UNI_9a228238ad,Universities,১৯৭৩ সালের ৩ আগস্ট তৎকালীন মন্ত্রী জহুর আহমেদ চৌধুরীর সহযোগিতায় শিল্পী রশিদ চৌধুরী ও অন্যান্য সহযোগীগণ চট্টগ্রামের পাকিস্তান আর্ট কাউন্সিলের পরিত্যক্ত ভবনে চট্টগ্রাম আর্ট কলেজ প্রতিষ্ঠা করেন। ১৯৭৫ সালে এটি বিশ্ববিদ্যালয়ের অনুমোদন পায় ও ১৯৮৬ সালে ডিগ্রী কলেজের স্বীকৃতি লাভ করে। ১৯৭৮ সালে কলেজের প্রথম বিএফএ ব্যাচ পাশ করে।,চট্টগ্রাম আর্ট কলেজ কত সালে প্রতিষ্ঠিত হয়?,১৯৭৩ সালের ৩ আগস্ট চট্টগ্রাম আর্ট কলেজ প্রতিষ্ঠিত হয়।,"[""১৯৭৩"", ""সালের"", ""৩"", ""আগস্ট"", ""চট্টগ্রাম"", ""আর্ট"", ""কলেজ"", ""প্রতিষ্ঠিত"", ""হয়"", ""।""]","[""Mehrin"", ""Fahim""]",56
HLT_0191,HLT_85a4b67821,Healthcare,"আভিলা ভেক্টর-বাহিত রোগ নিয়ন্ত্রণ কর্মসূচি পুনরায় শুরু করেন এবং ম্যালেরিয়া-র বিরুদ্ধে লড়াইয়ে বিশেষ গুরুত্ব দেন, যা আগের প্রশাসনগুলো গুরুত্ব দেয়নি। ডা. আভিলা ব্যবস্থাপনার কারণে স্বাস্থ্য দলের মাতিনা এলাকাটি ২০০০-এর দশকের শুরু থেকে লিমন প্রদেশ-এর সেই ক্যান্টনে ম্যালেরিয়ার ক্রমবর্ধমান প্রকোপ নিয়ন্ত্রণে সহায়তা পেতে সক্ষম হয় এবং এর ফলে দেশের বাকি নিচু এলাকায় এর বিস্তার রোধ করা সম্ভব হয়।",মাতিনা এলাকায় ম্যালেরিয়া নিয়ন্ত্রণ করার কারণে দেশের অন্য কোন অঞ্চলের এর বিস্তার রোধ করা সম্ভব হয়েছিল?,মাতিনা এলাকার প্রকোপ নিয়ন্ত্রণে আসায় দেশের বাকি নিচু অঞ্চলে এই রোগের বিস্তার ঠেকানো সম্ভব হয়েছিল।,"[""মাতিনা"", ""এলাকার"", ""প্রকোপ"", ""নিয়ন্ত্রণে"", ""আসায়"", ""দেশের"", ""বাকি"", ""নিচু"", ""অঞ্চলে"", ""এই"", ""রোগের"", ""বিস্তার"", ""ঠেকানো"", ""সম্ভব"", ""হয়েছিল"", ""।""]","[""Mominul"", ""Nazmul""]",57
SCI_0102,SCI_bb20139b0d,Science & Technology,"ব্রডব্যান্ড কেবল ইন্টারনেট অ্যাক্সেসের জন্য গ্রাহকের প্রাঙ্গণে একটি কেবল মডেম এবং একটি কেবল অপারেটর একটি কেবল মোডেম টার্মিনেশন সিস্টেম (সিএমটিএস) প্রয়োজন তাকে সাধারণত কেবল টেলিভিশন হেডএন্ড‌ বলা হয়। এই দুটি কোক্সিয়াল কেবল বা একটি হাইব্রিড ফাইবার-কক্সিয়াল (এইচএফসি) এর মাধ্যমে সংযুক্ত করা হয়। যদিও অ্যাক্সেস নেটওয়ার্ককে কখনও শেষ মাইলের প্রযুক্তি হিসাবে উল্লেখ করা হয়। কেবল ইন্টারনেট সিস্টেম সাধারণত কাজ করতে পারে যখন মোডেম এবং টার্মিনেশন সিস্টেমের মধ্যে দূরত্ব ১৬০ কিলোমিটার (৯৯ মাইল) পর্যন্ত হয়। যদি এইচএফসি নেটওয়ার্ক বড় হয়, তাহলে কেবল মোডেম টার্মিনেশন সিস্টেমকে দক্ষ ব্যবস্থাপনার জন্য হাবে শ্রেণীবদ্ধ করা যেতে পারে।",এইচএফসি নেটওয়ার্কের আকার বড় হলে দক্ষ ব্যবস্থাপনার জন্য কেবল মোডেম টার্মিনেশন সিস্টেমকে কিসে শ্রেণীবদ্ধ করা হয়?,নেটওয়ার্ক বড় হলে দক্ষ ব্যবস্থাপনার উদ্দেশ্যে কেবল মোডেম টার্মিনেশন সিস্টেমকে হাবে শ্রেণীবদ্ধ করা যায় না।,"[""নেটওয়ার্ক"", ""বড়"", ""হলে"", ""দক্ষ"", ""ব্যবস্থাপনার"", ""উদ্দেশ্যে"", ""কেবল"", ""মোডেম"", ""টার্মিনেশন"", ""সিস্টেমকে"", ""হাবে"", ""শ্রেণীবদ্ধ"", ""করা"", ""যায়"", ""না"", ""।""]","[""Mominul"", ""Fahim""]",58
HLT_0005,HLT_ec4616fc0f,Healthcare,"হেপাটাইটিসের সবচেয়ে সাধারণ কারণ ভাইরাল। যদিও বিভিন্ন ভাইরাসের প্রভাব সবই হেপাটাইটিস রোগের অধীনে শ্রেণীবদ্ধ, এই ভাইরাসগুলি পরস্পর সম্পর্কিত নয়।
হেপাটাইটিস এ বা সংক্রামক জন্ডিস হেপাটাইটিস এ ভাইরাস (HAV) দ্বারা সৃষ্ট হয়, এটি একটি পিকর্নাভাইরাস যা ফিক্যাল-ওরাল রুট দ্বারা সংক্রমিত হয় এবং প্রায়শই দূষিত খাদ্য গ্রহণের সাথে যুক্ত। এটি হেপাটাইটিসের তীব্র রূপ সৃষ্টি করে এবং এর কোনও দীর্ঘস্থায়ী পর্যায় নেই। রোগীর ইমিউন সিস্টেম HAV-এর বিরুদ্ধে অ্যান্টিবডি তৈরি করে যা ভবিষ্যতের সংক্রমণের বিরুদ্ধে অনাক্রম্যতা প্রদান করে। হেপাটাইটিস এ-তে আক্রান্ত ব্যক্তিদের বিশ্রাম, হাইড্রেটেড থাকা এবং অ্যালকোহল এড়ানোর পরামর্শ দেওয়া হয়। একটি টিকা পাওয়া যায় যা ১০ বছর পর্যন্ত HAV সংক্রমণ প্রতিরোধ করবে। হেপাটাইটিস এ ব্যক্তিগত যোগাযোগ, কাঁচা সামুদ্রিক খাবার খাওয়া বা দূষিত জল পান করার মাধ্যমে ছড়াতে পারে। এটি প্রাথমিকভাবে তৃতীয় বিশ্ব দেশগুলিতে দেখা যায়। কঠোর ব্যক্তিগত স্বাস্থ্যবিধি এবং কাঁচা ও খোসা ছাড়ানো খাবার এড়িয়ে চলা সংক্রমণ প্রতিরোধে সাহায্য করতে পারে। আক্রান্ত ব্যক্তিরা জন্ডিস দেখা দেওয়ার দুই সপ্তাহ আগে এবং এক সপ্তাহ পরে তাদের মল দিয়ে HAV নির্গত করে। সংক্রমণ এবং অসুস্থতা শুরু হওয়ার মধ্যে সময় গড়ে ২৮ দিন (১৫ থেকে ৫০ দিনের মধ্যে)। বেশিরভাগ রোগী ২ মাসের মধ্যে সম্পূর্ণ সুস্থ হয়ে ওঠেন, যদিও প্রায় ১৫% আক্রান্ত ব্যক্তি প্রাথমিক চিকিৎসা নির্ণয়ের পর ছয় মাস থেকে এক বছর পর্যন্ত অবিচ্ছিন্ন বা পুনরাবৃত্ত লক্ষণ অনুভব করতে পারেন।",হেপাটাইটিস এ ভাইরাসে আক্রান্ত হওয়ার পর সাধারণত কত দিনের মধ্যে লক্ষণ বা অসুস্থতা প্রকাশ পায়?,"সংক্রমণ ঘটার পর অসুস্থতা শুরু হতে গড়ে ২৮ দিন সময় লাগে, যা মূলত ১৫ থেকে ৫০ দিনের মধ্যে হয়ে থাকে।","[""সংক্রমণ"", ""ঘটার"", ""পর"", ""অসুস্থতা"", ""শুরু"", ""হতে"", ""গড়ে"", ""২৮"", ""দিন"", ""সময়"", ""লাগে"", "","", ""যা"", ""মূলত"", ""১৫"", ""থেকে"", ""৫০"", ""দিনের"", ""মধ্যে"", ""হয়ে"", ""থাকে"", ""।""]","[""Nazmul"", ""Fahim""]",59
EDU_0064,EDU_522456f51b,Education,"আতাউর রহমান খান শিক্ষা কমিশন, ১৯৫৭ হলো পূর্ব পাকিস্তান সরকার প্রদেশে শিক্ষার সার্বিক সংস্কার সুপারিশের জন্য গঠিত একটি শিক্ষা কমিশন। ১৯৫৭ সালের জানুয়ারি মাসে আতাউর রহমান খানকে চেয়ারম্যানের দায়িত্ব দিয়ে একটি শিক্ষা কমিশন তৈরি করা হয়। এই কমিশন প্রাথমিক, মাধ্যমিক ও উচ্চ মাধ্যমিক শিক্ষাস্তরের শিক্ষাব্যবস্থায় গবেষণা ও পর্যবেক্ষণ করে কিছু সংস্কারের সুপারিশ করে। এই কমিশন সমগ্র পূর্ব পাকিস্তানে প্রাথমিক স্তরের শিক্ষা ব্যবস্থার উপরে অত্যধিক গুরুত্বারোপ করে। প্রাথমিক শিক্ষা ব্যবস্থাকে সম্পূর্ণ অবৈতনিক এবং সাথে সাথে বাধ্যতামূলক করার পরামর্শ দেন। এসব প্রাথমিক বিদ্যালয়ে সরকারের সরাসরি হস্তক্ষেপ ও নিয়ন্ত্রণের প্রস্তাব দেন।",আতাউর রহমান খান শিক্ষা কমিশন কোন শিক্ষাস্তরের ওপর সবচেয়ে বেশি গুরুত্ব দিয়েছিল?,এই কমিশন সমগ্র পূর্ব পাকিস্তানে মাধ্যমিক স্তরের শিক্ষা ব্যবস্থার ওপর অত্যধিক গুরুত্বারোপ করেছিল।,"[""এই"", ""কমিশন"", ""সমগ্র"", ""পূর্ব"", ""পাকিস্তানে"", ""মাধ্যমিক"", ""স্তরের"", ""শিক্ষা"", ""ব্যবস্থার"", ""ওপর"", ""অত্যধিক"", ""গুরুত্বারোপ"", ""করেছিল"", ""।""]","[""Mehrin"", ""Mominul""]",60
AGR_0482,AGR_0d0e807bf5,Agriculture,"গঙ্গা-কপোতাক্ষ সেচ প্রকল্প বা জি-কে প্রকল্প বাংলাদেশের অন্যতম বৃহৎ একটি সেচ প্রকল্প, যার আওতায় বাংলাদেশের দক্ষিণ পশ্চিমাঞ্চলের ৪টি জেলা রয়েছে, কুষ্টিয়া, চুয়াডাঙ্গা, মাগুরা এবং ঝিনাইদহ জেলা। এই চার জেলার ১৩টি উপজেলা যথা: কুষ্টিয়া সদর, কুমারখালী, খোকসা, মিরপুর, ভেড়ামারা, চুয়াডাঙ্গা সদর, আলমডাঙ্গা, ঝিনাইদহ সদর, হরিণাকুন্ড, শৈলকূপা, মাগুরা সদর, শ্রীপুর এবং দৌলতপুরে এই সেচ প্রকল্পের কার্যক্রম বিস্তৃত।",গঙ্গা-কপোতাক্ষ সেচ প্রকল্পের আওতাধীন দক্ষিণ পশ্চিমাঞ্চলের জেলা কয়টি ও কী কী?,"জি-কে প্রকল্পের আওতায় বাংলাদেশের দক্ষিণ পশ্চিমাঞ্চলের মোট ৪টি জেলা রয়েছে। জেলাগুলো হলো কুষ্টিয়া, চুয়াডাঙ্গা, মাগুরা এবং ঝিনাইদহ।","[""জি"", ""-"", ""কে"", ""প্রকল্পের"", ""আওতায়"", ""বাংলাদেশের"", ""দক্ষিণ"", ""পশ্চিমাঞ্চলের"", ""মোট"", ""৪টি"", ""জেলা"", ""রয়েছে"", ""।"", ""জেলাগুলো"", ""হলো"", ""কুষ্টিয়া"", "","", ""চুয়াডাঙ্গা"", "","", ""মাগুরা"", ""এবং"", ""ঝিনাইদহ"", ""।""]","[""Mehrin"", ""Nazmul""]",61
AGR_0296,AGR_0d0e807bf5,Agriculture,"গঙ্গা-কপোতাক্ষ সেচ প্রকল্প বা জি-কে প্রকল্প বাংলাদেশের অন্যতম বৃহৎ একটি সেচ প্রকল্প, যার আওতায় বাংলাদেশের দক্ষিণ পশ্চিমাঞ্চলের ৪টি জেলা রয়েছে, কুষ্টিয়া, চুয়াডাঙ্গা, মাগুরা এবং ঝিনাইদহ জেলা। এই চার জেলার ১৩টি উপজেলা যথা: কুষ্টিয়া সদর, কুমারখালী, খোকসা, মিরপুর, ভেড়ামারা, চুয়াডাঙ্গা সদর, আলমডাঙ্গা, ঝিনাইদহ সদর, হরিণাকুন্ড, শৈলকূপা, মাগুরা সদর, শ্রীপুর এবং দৌলতপুরে এই সেচ প্রকল্পের কার্যক্রম বিস্তৃত।",কুষ্টিয়া জেলার কোন কোন উপজেলা গঙ্গা-কপোতাক্ষ সেচ প্রকল্পের অন্তর্ভুক্ত?,কুষ্টিয়া জেলার উপজেলাগুলো জি-কে প্রকল্পের অন্তর্ভুক্ত।,"[""কুষ্টিয়া"", ""জেলার"", ""উপজেলাগুলো"", ""জি"", ""-"", ""কে"", ""প্রকল্পের"", ""অন্তর্ভুক্ত"", ""।""]","[""Mehrin"", ""Fahim""]",62
AGR_0304,AGR_aa20a13fe7,Agriculture,"বাংলাদেশ রেশম চাষ গবেষণা ও প্রশিক্ষণ ইনস্টিটিউট একটি স্বায়ত্তশাসিত জাতীয় গবেষণা প্রতিষ্ঠান যা সেরিকালচার (রেশম চাষ) সম্পর্কিত গবেষণা পরিচালনা করে এবং বাংলাদেশের সেরিকালচার বা রেশম শিল্পকে পৃষ্ঠপোষকতা দেয়। সংগঠনটি রাজশাহী শহরে অবস্থিত।
উপনিবেশিক ব্রিটিশ রাজ আমলে ১৮৯৮ সালে রাজশাহীতে প্রতিষ্ঠিত সিল্ক ইনস্টিটিউটে এই ইনস্টিটিউটটির সূত্রপাত ঘটে।",কোন সালে রাজশাহীতে সিল্ক ইনস্টিটিউট প্রতিষ্ঠিত হয়েছিল?,রাজশাহীতে সিল্ক ইনস্টিটিউট ১৮৯৮ সালে উপনিবেশিক ব্রিটিশ রাজ আমলে প্রতিষ্ঠিত হয় এবং এর প্রথম পরিচালক ছিলেন একজন ব্রিটিশ কৃষিবিদ।,"[""রাজশাহীতে"", ""সিল্ক"", ""ইনস্টিটিউট"", ""১৮৯৮"", ""সালে"", ""উপনিবেশিক"", ""ব্রিটিশ"", ""রাজ"", ""আমলে"", ""প্রতিষ্ঠিত"", ""হয়"", ""এবং"", ""এর"", ""প্রথম"", ""পরিচালক"", ""ছিলেন"", ""একজন"", ""ব্রিটিশ"", ""কৃষিবিদ"", ""।""]","[""Mominul"", ""Nazmul""]",63
SCI_0498,SCI_d949353827,Science & Technology,"নিকটবর্তী ভবিষ্যতে ২০০ বিলিয়ন ডিভাইসের সাথে যুক্ত হওয়ার অনুমান রয়েছে। বাজারের মূল্য ৮০ বিলিয়ন ডলারে অনুমান করা হয়।
ইন্টারনেট অব থিংস পরিভাষাটির প্রচলন শুরু হয় ম্যাসাচুসেটস ইনস্টিটিউট অব টেকনোলজির অটো-আইটি সেন্টারের সহপ্রতিষ্ঠাতা এবং নির্বাহী পরিচালক কেভিন অ্যাশটনের মাধ্যমে। ১৯৯৯ সালে পি অ্যান্ড জি কোম্পানির একটি প্রজেক্টে কাজ করার সময় কেভিন ইন্টারনেট অব থিংস পরিভাষাটি ব্যবহার করেন।",কোন সালে ইন্টারনেট অব থিংস পরিভাষাটি ব্যবহার করা হয়েছিল?,পি অ্যান্ড জি কোম্পানির একটি প্রজেক্টে কাজ করার সময় ২০০১ সালে এই পরিভাষাটি ব্যবহার করা হয়েছিল।,"[""পি"", ""অ্যান্ড"", ""জি"", ""কোম্পানির"", ""একটি"", ""প্রজেক্টে"", ""কাজ"", ""করার"", ""সময়"", ""২০০১"", ""সালে"", ""এই"", ""পরিভাষাটি"", ""ব্যবহার"", ""করা"", ""হয়েছিল"", ""।""]","[""Mominul"", ""Fahim""]",64
GOV_0011,GOV_cbf6529365,Government Services,"১ আগস্ট ২০২৬ পর্যন্ত, কাতারি নাগরিকদের ভিসা-মুক্ত বা ভিসা অন অ্যারাইভাল অ্যাক্সেস ছিল ৯২টি দেশ এবং অঞ্চলে, যা ভিসা বিধিনিষেধ সূচক অনুসারে কাতারি পাসপোর্টকে বিশ্বের ৫৭তম স্থান দিয়েছে। ইউরোপীয় ইউনিয়নের মতোই একটি জিসিসি সদস্য দেশের নাগরিক হিসাবে কাতারের নাগরিকদের জিসিসি সদস্য দেশগুলির মধ্যে অবাধ চলাচলের অনুমতি দেওয়া হয়।",জিসিসির সদস্য রাষ্ট্রের নাগরিক হিসেবে কাতারের নাগরিকদের চলাচলের ক্ষেত্রে কী ধরনের সুবিধা প্রদান করা হয়?,জিসিসিভুক্ত একটি দেশের নাগরিক হওয়ার সুবাদে কাতারের নাগরিকদের জিসিসির অন্যান্য সদস্য রাষ্ট্রে অবাধে যাতায়াত করার অনুমতি দেওয়া হয়।,"[""জিসিসিভুক্ত"", ""একটি"", ""দেশের"", ""নাগরিক"", ""হওয়ার"", ""সুবাদে"", ""কাতারের"", ""নাগরিকদের"", ""জিসিসির"", ""অন্যান্য"", ""সদস্য"", ""রাষ্ট্রে"", ""অবাধে"", ""যাতায়াত"", ""করার"", ""অনুমতি"", ""দেওয়া"", ""হয়"", ""।""]","[""Nazmul"", ""Fahim""]",65
SCI_0354,SCI_951b0390b2,Science & Technology,"মিশিগান বিশ্ববিদ্যালয়ে স্নাতক পর্যায়ে অধ্যয়নকালে হ্যাক এনভায়রনমেন্টাল রিসার্চ ইনস্টিটিউট অফ মিশিগানে (ইআরআইএম) প্রথমে গবেষণা সহকারী এবং পরবর্তীতে গবেষণা বিজ্ঞানী হিসেবে নিযুক্ত হন। ইআরআইএম তৎকালীন সময়ে বিশ্বের অন্যতম শীর্ষস্থানীয় দূর অনুধাবন সংস্থা ছিল। সেখানে হ্যাক বেশ কিছু গবেষণা প্রকল্পের সাথে যুক্ত ছিলেন। তার কর্মজীবনের সবচেয়ে প্রভাবশালী কাজগুলো ছিল উন্নয়নশীল দেশগুলোতে উপগ্রহ-ভিত্তিক দূর অনুধাবন প্রযুক্তি হস্তান্তর সংক্রান্ত। ইআরআইএম এর অন্যান্য বিজ্ঞানীদের সাথে হ্যাক পাকিস্তান, শ্রীলঙ্কা এবং বাংলাদেশে একাধিকবার তথ্য উপস্থাপনা ও মাঠ পর্যায়ের তথ্য সংগ্রহের জন্য ভ্রমণ করেন। তার উল্লেখযোগ্য প্রকল্পগুলোর মধ্যে একটি ছিল রিগ্রেশন বিশ্লেষণ পদ্ধতি ব্যবহার করে বাংলাদেশে শীতকালীন ধানের বিন্যাস মূল্যায়নে ল্যান্ডস্যাট উপগ্রহের চিত্র ব্যবহার করা। হ্যাকের পেশাগত লক্ষ্য ছিল শিক্ষকতায় যোগদান করা, তাই তিনি ১৯৭৮ সালে ইন্ডিয়ানার বল স্টেট ইউনিভার্সিটিতে ভূগোল বিভাগে শিক্ষক হিসেবে যোগ দিতে ইআরআইএম ত্যাগ করেন। ইন্ডিয়ানায় অধ্যাপনার পাশাপাশি তিনি সোয়াজিল্যান্ড এবং কেনিয়ায় দূর অনুধাবনের প্রযুক্তি হস্তান্তরের ওপর ইউএসএআইডির কর্মশালায় প্রশিক্ষক হিসেবে কাজ করেন।",বাংলাদেশে শীতকালীন ধানের বিন্যাস মূল্যায়নে হ্যাক কোন উপগ্রহের চিত্র ব্যবহার করেছিলেন?,হ্যাক বাংলাদেশে শীতকালীন ধানের বিন্যাস মূল্যায়নের জন্য ল্যান্ডস্যাট উপগ্রহের চিত্র ব্যবহার করেছিলেন।,"[""হ্যাক"", ""বাংলাদেশে"", ""শীতকালীন"", ""ধানের"", ""বিন্যাস"", ""মূল্যায়নের"", ""জন্য"", ""ল্যান্ডস্যাট"", ""উপগ্রহের"", ""চিত্র"", ""ব্যবহার"", ""করেছিলেন"", ""।""]","[""Mehrin"", ""Mominul""]",66
SCI_0341,SCI_47a4a7298e,Science & Technology,"২০১৭ সালে বাংলাদেশ কম্পিউটার কাউন্সিল জাতীয় কিবোর্ড লেআউটটি সংশোধন করে এবং সবচেয়ে জনপ্রিয় বিজয় কিবোর্ড লেআউটকে জাতীয় কিবোর্ড লেআউট হিসেবে ঘোষণা করে।
বর্ণ, জায়েদ আহসান সা'দ কর্তৃক উন্নয়নকৃত একটি বাংলা সফটওয়্যার, যা ০৯ নভেম্বর ২০১৮ সালে মুক্তি পায়। এটা ইউনিকোডের সর্বশেষ ভার্সন সমর্থন করে। এতে ফিক্সড কিবোর্ড লেআউট ছাড়াও ফনেটিক লেআউটের সমর্থন রয়েছে। এর একটি বিশেষ বৈশিষ্ট হলো ফিক্সড লেআউটে বাংলা টাইপ করার সময় স্বয়ংক্রিয়ভাবে শব্দ আন্দাজ করতে পারে।",কোন সাল এবং সংস্থাকে কেন্দ্র করে জাতীয় কিবোর্ড লেআউট নির্ধারিত হয়েছিল?,বাংলাদেশ কম্পিউটার কাউন্সিল ২০১৭ সালে বিজয় কিবোর্ড লেআউটকে জাতীয় কিবোর্ড লেআউট হিসেবে ঘোষণা করেছিল।,"[""বাংলাদেশ"", ""কম্পিউটার"", ""কাউন্সিল"", ""২০১৭"", ""সালে"", ""বিজয়"", ""কিবোর্ড"", ""লেআউটকে"", ""জাতীয়"", ""কিবোর্ড"", ""লেআউট"", ""হিসেবে"", ""ঘোষণা"", ""করেছিল"", ""।""]","[""Mehrin"", ""Nazmul""]",67
BDA_0186,BDA_5997fddcf8,Bangladesh Affairs,"১৯৪৭ থেকে ১৯৬২ খ্রিষ্টাব্দ পর্যন্ত অঞ্চলভিত্তিক বন বিভাগ ছিল বনরক্ষক-এর অধীনে, এবং পরবর্তিতে ১৯৭১ খ্রিষ্টাব্দ পর্যন্ত প্রধান বনরক্ষকের অধীনে ছিল। ১৯৭১ খ্রিষ্টাব্দে বাংলাদেশ স্বাধীন হয়ে গেলে সংরক্ষিত ও প্রস্তাবিত সংরক্ষিত বনগুলো বাংলাদেশ বন বিভাগের আওতাধীন হয়ে যায়। ১৯৭১ থেকে ১৯৮৯ খ্রিষ্টাব্দ পর্যন্ত বাংলাদেশ বন বিভাগ, কৃষি মন্ত্রণালয়ের অধীন ছিল। ১৯৮৭-৮৯ সময়কালে ফরেস্ট্রি ছিল কৃষি মন্ত্রণালয়ের একটি বিভাগ, যা ছিল একজন সেক্রেটারির অধীন। পরিবেশ অধিদপ্তর (DoE) ১৯৭৭ খ্রিষ্টাব্দে বাংলাদেশে প্রচলিত পরিবেশ দূষণ নিয়ন্ত্রণ অধ্যাদেশ, ১৯৭৭ অনুযায়ী প্রতিষ্ঠিত হয়। অবশেষে ১৯৮৯ খ্রিষ্টাব্দে বাংলাদেশ বন ও পরিবেশ মন্ত্রণালয় প্রতিষ্ঠিত হয়। একইসাথে বাংলাদেশ বন বিভাগ-কে এই মন্ত্রণালয়ের কারিগরি শাখা হিসেবে এর অধীন করা হয় এবং পরিবেশ অধিদপ্তরকে পরিবেশ সংরক্ষণ আইন, ১৯৯৫ কার্যকর করতে দায়বদ্ধ হয়।",পরিবেশ অধিদপ্তর কত খ্রিষ্টাব্দে প্রতিষ্ঠিত হয়?,"পরিবেশ অধিদপ্তর ১৯৭৫ খ্রিষ্টাব্দে বাংলাদেশে প্রচলিত পরিবেশ দূষণ নিয়ন্ত্রণ অধ্যাদেশ, ১৯৭৭ অনুযায়ী প্রতিষ্ঠিত হয়।","[""পরিবেশ"", ""অধিদপ্তর"", ""১৯৭৫"", ""খ্রিষ্টাব্দে"", ""বাংলাদেশে"", ""প্রচলিত"", ""পরিবেশ"", ""দূষণ"", ""নিয়ন্ত্রণ"", ""অধ্যাদেশ"", "","", ""১৯৭৭"", ""অনুযায়ী"", ""প্রতিষ্ঠিত"", ""হয়"", ""।""]","[""Mehrin"", ""Fahim""]",68
GOV_0215,GOV_fe8df3b193,Government Services,"২০১৭ সাল অনুযায়ী, ইসরায়েলী, চিলি, দক্ষিণ কোরিয়া এবং হংকংয়ের নাগরিকরা ইউরোপের সকল দেশে ভিসা ছাড়াই শুধু পাসপোর্ট দেখিয়েই ঢুকতে পারবে।
ইসরায়েলের আইন অনুযায়ী ইরাক, ইরান, ইয়েমেন, লেবানন, সিরিয়া এবং সৌদি আরবকে শত্রু দেশ হিসেবে মনে করা হয়, এবং এসব দেশে ভ্রমণ করতে হলে ইসরায়েলের অভ্যন্তরীণ মন্ত্রণালয় থেকে বিশেষ অনুমতিপত্র নিয়ে আসতে হয়। বিদেশী পাসপোর্ট নিয়ে হোক আর ইসরায়েলী পাসপোর্ট নিয়ে হোক, এসব দেশ থেকে ভ্রমণ করে ইসরায়েলে আসার পর ভ্রমণকারী অভিযুক্ত হতে পারেন। ১৯৫৪ সালে রাষ্ট্রগুলোর তালিকা করা হয়েছিলো যাতে ২০০৭ সালের ২৫ জুলাই ইরানকে অন্তর্ভুক্ত করা হয়। মিশর এবং জর্ডানকেও শত্রু দেশ এর তালিকায় রাখা হয়েছে; যদিও ইসরায়েলের অভ্যন্তরীণ মন্ত্রণালয় দুই দেশে প্রবেশে অবাধ প্রবেশাধিকার দিয়ে থাকে, যেহেতু উভয় দেশের সাথে একটি শান্তি চুক্তি করা হয়েছে।",ইসরায়েলের আইন অনুযায়ী কোন কোন দেশকে শত্রু রাষ্ট্র হিসেবে গণ্য করা হয়?,"ইসরায়েলের আইন অনুযায়ী ইরাক, ইরান, ইয়েমেন, লেবানন, সিরিয়া, সৌদি আরব, মিশর এবং হংকংকে শত্রু দেশ হিসেবে মনে করা হয়।","[""ইসরায়েলের"", ""আইন"", ""অনুযায়ী"", ""ইরাক"", "","", ""ইরান"", "","", ""ইয়েমেন"", "","", ""লেবানন"", "","", ""সিরিয়া"", "","", ""সৌদি"", ""আরব"", "","", ""মিশর"", ""এবং"", ""হংকংকে"", ""শত্রু"", ""দেশ"", ""হিসেবে"", ""মনে"", ""করা"", ""হয়"", ""।""]","[""Mominul"", ""Nazmul""]",69
AGR_0139,AGR_459dc625b7,Agriculture,"বঙ্গবন্ধু ধান হেক্টরপ্রতি ৭.৮ টন (বিঘা প্রতি ১০৪৩ কেজি) উৎপাদন সম্ভব। উৎপাদন কাল ১৪৫ থেকে ১৪৮ দিন, যেখানে অন্যান্য ধানে প্রায় ১৬০ দিন লাগে। চাল মাঝারি চিকন ও সাদা। জিংকের পরিমাণ প্রতি কেজিতে ২৫.৭ মিলিগ্রাম, যা জিংকের অভাব পূরণে ব্যাপক ভূমিকা রাখবে। চালের অ্যামাইলোজ ২৬.৮ শতাংশ ও প্রোটিন ৭.৮ শতাংশ। চালের গুণগত মান ভাল এবং ভাত ঝরঝরে। এই ধান আবাদে ১০ থেকে ১৪ দিন সময় কম লাগে। সার ও কিটনাশকও কম দিতে হয়। ফলন বেশি। অন্য ধানের তুলনায় দু-এক সপ্তাহ আগে ধান কাটা যায়। ঝড়বৃষ্টিতে ফসল নষ্ট হয় কম। সময় ও খরচ বাঁচে। বেশি শীতে অন্যান্য জাতের ধানের বীজ বপনের পর ঘন কুয়াশায় অনেক চারা নষ্ট হয়। কিন্তু বঙ্গবন্ধু জাতের বীজ বপনের পর অল্প কিছুদিনের মধ্যেই রোপণ করতে পারায় চারা নষ্টের হার কম। এই ধানের ফ্লাগ লিড ভাল থাকায় ফলন ভাল হয়। অন্যান্য ধানে ফ্লাগ লিড কম থাকায় চিটা বেশি হয়। এর ডিগ পাতা খাড়া, প্রশস্ত ও লম্বা এবং পাতার রং সবুজ; পূর্ণবয়স্ক গাছের উচ্চতা ১০১ সেন্টিমিটার; এক হাজার পুষ্ট ধানের ওজন ১৬ দশমিক ৭ গ্রাম।","বঙ্গবন্ধু ধানের চালে জিংক, অ্যামাইলোজ এবং প্রোটিনের পরিমাণ কত?","এই ধানের চালে প্রতি কেজিতে ২৫.৭ মিলিগ্রাম জিংক, ১৫.৮ শতাংশ অ্যামাইলোজ এবং ৭.৮ শতাংশ প্রোটিন থাকে।","[""এই"", ""ধানের"", ""চালে"", ""প্রতি"", ""কেজিতে"", ""২৫.৭"", ""মিলিগ্রাম"", ""জিংক"", "","", ""১৫.৮"", ""শতাংশ"", ""অ্যামাইলোজ"", ""এবং"", ""৭.৮"", ""শতাংশ"", ""প্রোটিন"", ""থাকে"", ""।""]","[""Mominul"", ""Fahim""]",70
UNI_0441,UNI_c42f2f4de8,Universities,"উচ্চতর বিজ্ঞান গবেষণা কেন্দ্র হলো বাংলাদেশ সরকারের বিজ্ঞান ও প্রযুক্তি মন্ত্রণালয়ের নিজস্ব তহবিল এবং ঢাকা বিশ্ববিদ্যালয়ের উন্নয়ন প্রকল্পের অধীনে পরিচালিত বিশ্ববিদ্যালয় গবেষণা কেন্দ্র। এটি ১৯৯৭ সালে সেন্টার অফ এক্সেলেন্স নামে যাত্রা শুরু। এটি বিশ্ববিদ্যালয়ের মেআকার্ম ভবন প্রাঙ্গনে অবস্থিত।
এর মূল লক্ষ্য হল দেশে স্নাতোকত্তর পর্যায়ে গবেষণার ক্ষেত্র ও দক্ষ মানবসম্পদ তৈরি করার পাশাপাশি আন্তর্জাতিক ক্ষেত্রের সঙ্গে দেশীয় গবেষণাকে সংযুক্ত করা। সেন্টারের নিজস্ব বিজ্ঞানী ছাড়াও বিশ্ববিদ্যালয়ের শিক্ষক, ভিসিটর বিজ্ঞানী সহ এমফিল, পি এইচ ডি ও পোস্ট ‌গ্র্যাজুয়েট পর্যায়ের শিক্ষার্থীরাও গবেষণার সুযোগ পাবে । মূলত পদার্থ , রসায়ন , জীববিজ্ঞান, ফার্মাসিউটিকালস এবং কম্পিউটার সফটওয়্যার উন্নয়ন ও প্রয়োগের উপর গবেষণা চালানো হয়। এই গবেষণা কার্যক্রম পরিচালনার জন্য পাঁচটি গবেষণাগার রয়েছে যেগুলো লেজার স্পেকট্রোসকপি, জিন গবেষণা ও ডি এন এ সিকোয়েন্সিং, উন্নত কম্পিউটার সফটওয়্যার তৈরি, মনোবিজ্ঞান ও বিশ্লেষণাত্মক রসায়ন এর জন্য নির্ধারিত। এছাড়া গবেষণাকার্যে ব্যবহৃত সাধারণ রিএজেন্ট ও নমুনা প্রস্তুতির জন্য একটি পৃথক গবেষণাগার স্থাপন করা হয়েছে। এই কেন্দ্রর গবেষণাগারগুলি সম্পূর্ণভাবে বর্তমান বিশ্বের যন্ত্রপাতি দিয়ে সাজানো হয়েছে। পরিষ্কার পরিচ্ছন্নতা ও আধুনিকতা একে বাংলাদেশের অন্যতম আর্ন্তজাতিকমানের এবং প্রথম সারির গবেষণা প্রতিষ্ঠানে পরিণত করেছে।",উচ্চতর বিজ্ঞান গবেষণা কেন্দ্রে মূলত কোন কোন বিষয়ে গবেষণা চালানো হয়?,"এখানে মূলত পদার্থ, রসায়ন, জীববিজ্ঞান, ফার্মাসিউটিকালস এবং ইতিহাস উন্নয়ন ও প্রয়োগের উপর গবেষণা চালানো হয়।","[""এখানে"", ""মূলত"", ""পদার্থ"", "","", ""রসায়ন"", "","", ""জীববিজ্ঞান"", "","", ""ফার্মাসিউটিকালস"", ""এবং"", ""ইতিহাস"", ""উন্নয়ন"", ""ও"", ""প্রয়োগের"", ""উপর"", ""গবেষণা"", ""চালানো"", ""হয়"", ""।""]","[""Nazmul"", ""Fahim""]",71
BDA_0285,BDA_21181fdf0c,Bangladesh Affairs,২০০৭ সালের ১১ই জুন তারিখে বাংলাদেশের বন্দর নগরী চট্টগ্রামে বৃষ্টিজনিত ভূমিধ্বসে অন্তত ১২২ জনের প্রাণহানী ঘটে। প্রবল বর্ষণের ফলে পাহাড় থেকে মাটি ও কাদার ঢল পাহাড়ের পাদদেশে অবস্থিত বস্তি ও কাঁচা ঘরবাড়ি উপরে ধ্বসে পড়লে বহু মানুষ চাপা পড়ে যায়। অনেকে মানুষ নিখোঁজ হয়। রবিবার থেকে চলা টানা বর্ষণ এই ঘটনার মূল কারণ। আবহাওয়াবিদদের মতে কয়েক ঘণ্টার মধ্যে চট্টগ্রামে ২০ সে.মি. এরও বেশি বৃষ্টিপাত হয়।,চট্টগ্রামের ভূমিধ্বসের পেছনের মূল কারণ কী ছিল?,রবিবার থেকে শুরু হওয়া প্রবল ও টানা বর্ষণের কারণে এই ভূমিধ্বসের ঘটনা ঘটেছিল।,"[""রবিবার"", ""থেকে"", ""শুরু"", ""হওয়া"", ""প্রবল"", ""ও"", ""টানা"", ""বর্ষণের"", ""কারণে"", ""এই"", ""ভূমিধ্বসের"", ""ঘটনা"", ""ঘটেছিল"", ""।""]","[""Mehrin"", ""Mominul""]",72
EDU_0374,EDU_c25ea40362,Education,"কারণ তিনি উপলদ্ধি করেন যে শিক্ষাই সকল উন্নতি ও উৎকর্ষ সাধনের মূল চাবিকাঠি।
তৎকালীন ব্রিটিশ ভারতের মালদহ জেলার বিশিষ্ট শিক্ষাবিদ, বিশিষ্ট সমাজ সেবক ও প্রতিস্থাপক ইদ্রিশ আহমেদ মিঞা তাঁর নিজ গ্রাম দাদনচকে বিশ শতকের প্রথম দিকেই প্রতিষ্ঠা করেন প্রাথমিক ও মাধ্যমিক স্তরের শিক্ষা ব্যবস্থা।
এছাড়া তিনি একটি উচ্চ শিক্ষা প্রতিষ্ঠার মানসে তাঁর সংগ্রাম অব্যাহত রাখেন।",ইদ্রিশ আহমেদ মিঞা শিক্ষা প্রসারের ক্ষেত্রে কোন বিষয়টি মূল চাবিকাঠি বলে মনে করতেন?,তিনি বিশ্বাস করতেন যে সমস্ত ধরনের উন্নতি ও উৎকর্ষ অর্জনের মূল চাবিকাঠি শিক্ষা নয়।,"[""তিনি"", ""বিশ্বাস"", ""করতেন"", ""যে"", ""সমস্ত"", ""ধরনের"", ""উন্নতি"", ""ও"", ""উৎকর্ষ"", ""অর্জনের"", ""মূল"", ""চাবিকাঠি"", ""শিক্ষা"", ""নয়"", ""।""]","[""Mehrin"", ""Nazmul""]",73
EDU_0227,EDU_59e6b5a612,Education,মির্জাপুর ক্যাডেট কলেজ ৯০o৯' পূর্ব দ্রাঘিমারেখা এবং ২৪o৫.৩' উত্তর অক্ষরেখা বরাবর অবস্থিত। এর উত্তরে ঢাকা-টাঙ্গাইল মহাসড়ক এবং তিনদিকে রাজাবাড়ি গ্রাম অবস্থিত। এর পূর্ব দিয়ে বংশী নদীর একটি ছোট শাখা চলে গিয়েছে । আর দক্ষিণ ও দক্ষিণ-পশ্চিম দিয়ে চলে গেছে বারিন্দা নদী। পশ্চিম পাশ দিয়ে আবার ফুটজানি নদী এসে বারিন্দা নদীর সাথে মিশেছে। কলেজ হতে মির্জাপুর সদর থানার দূরত্ব প্রায় ৮ কি. মি.।,মির্জাপুর সদর থানা থেকে ক্যাডেট কলেজের দূরত্ব কত?,মির্জাপুর সদর থানা থেকে ক্যাডেট কলেজের দূরত্ব প্রায় ৮ কি. মি.,"[""মির্জাপুর"", ""সদর"", ""থানা"", ""থেকে"", ""ক্যাডেট"", ""কলেজের"", ""দূরত্ব"", ""প্রায়"", ""৮"", ""কি"", ""."", ""মি"", "".""]","[""Mehrin"", ""Fahim""]",74
HLT_0065,HLT_6545a987c1,Healthcare,"ঘৃতকুমারী (বৈজ্ঞানিক নাম: Aloe vera), (ইংরেজি: Medicinal aloe, Burn plant) একটি রসালো উদ্ভিদ প্রজাতি। এটি এলো পরিবারের একটি উদ্ভিদ। ঘৃতকুমারী গাছ দেখতে অনেকটাই কাঁটাওয়ালা ফণীমনসা বা ক্যাকটাসের মতো। অ্যালোভেরা ক্যাক্টাসের মত দেখতে হলেও ক্যাক্টাস নয়। লিলি প্রজাতির উদ্ভিদ। এর আদি নিবাস আফ্রিকার মরুভূমি অঞ্চল ও মাদাগাস্কার। অ্যালোভেরা আজ থেকে ৬০০০ বছর আগে মিশরে উৎপত্তি লাভ করে। ভেষজ চিকিৎসা শাস্ত্রে এলোভেরার ব্যবহার পাওয়া যায় সেই খ্রিস্টপূর্ব যুগ থেকেই।",কত বছর আগে মিশরে অ্যালোভেরার উৎপত্তি ঘটেছিল?,আজ থেকে ৬০০০ বছর আগে মিশরে অ্যালোভেরার উৎপত্তি লাভ করেছিল।,"[""আজ"", ""থেকে"", ""৬০০০"", ""বছর"", ""আগে"", ""মিশরে"", ""অ্যালোভেরার"", ""উৎপত্তি"", ""লাভ"", ""করেছিল"", ""।""]","[""Mominul"", ""Nazmul""]",75
BDA_0294,BDA_21181fdf0c,Bangladesh Affairs,২০০৭ সালের ১১ই জুন তারিখে বাংলাদেশের বন্দর নগরী চট্টগ্রামে বৃষ্টিজনিত ভূমিধ্বসে অন্তত ১২২ জনের প্রাণহানী ঘটে। প্রবল বর্ষণের ফলে পাহাড় থেকে মাটি ও কাদার ঢল পাহাড়ের পাদদেশে অবস্থিত বস্তি ও কাঁচা ঘরবাড়ি উপরে ধ্বসে পড়লে বহু মানুষ চাপা পড়ে যায়। অনেকে মানুষ নিখোঁজ হয়। রবিবার থেকে চলা টানা বর্ষণ এই ঘটনার মূল কারণ। আবহাওয়াবিদদের মতে কয়েক ঘণ্টার মধ্যে চট্টগ্রামে ২০ সে.মি. এরও বেশি বৃষ্টিপাত হয়।,আবহাওয়াবিদদের তথ্য অনুযায়ী চট্টগ্রামে কী পরিমাণ বৃষ্টিপাত হয়েছিল?,"আবহাওয়াবিদদের মতে, মাত্র কয়েক ঘণ্টার মধ্যে চট্টগ্রামে ২০ সে.মি.-এর বেশি বৃষ্টিপাত রেকর্ড করা হয়েছিল, যা গত এক দশের রেকর্ড ভঙ্গ করেছে।","[""আবহাওয়াবিদদের"", ""মতে"", "","", ""মাত্র"", ""কয়েক"", ""ঘণ্টার"", ""মধ্যে"", ""চট্টগ্রামে"", ""২০"", ""সে"", ""."", ""মি"", ""."", ""-"", ""এর"", ""বেশি"", ""বৃষ্টিপাত"", ""রেকর্ড"", ""করা"", ""হয়েছিল"", "","", ""যা"", ""গত"", ""এক"", ""দশের"", ""রেকর্ড"", ""ভঙ্গ"", ""করেছে"", ""।""]","[""Mominul"", ""Fahim""]",76
UNI_0215,UNI_2a3395223d,Universities,"লাহোর (শাহরা-ই-কায়দ-ইয়াজম) এবং পাঞ্জাব আসনের প্রধান ধমনী নিকটবর্তী শহরের প্রাণকেন্দ্রে অবস্থিত স্যার গঙ্গা রাম হাসপাতাল, এফজেএমইউ এর শিক্ষণ হাসপাতাল এটি । ঘনবসতিপূর্ণ এলাকা ঘিরে হাসপাতালটি শহরটির পশ্চিম ও দক্ষিণ অংশে তাদের সেবা সরবরাহ করে । বিশেষত লাহোরের সন্নিহিত জেলায় সেবা প্রদান করে। হাসপাতালের রোগী ধারণক্ষমতা ৭০০, তবে গড় সংখ্যা প্রায় ৮০০ছড়িয়ে পড়েছে ।",স্যার গঙ্গা রাম হাসপাতালের নির্ধারিত রোগী ধারণক্ষমতা কত?,এই হাসপাতালের নির্দিষ্ট রোগী ধারণক্ষমতা হলো ৫০০ জন।,"[""এই"", ""হাসপাতালের"", ""নির্দিষ্ট"", ""রোগী"", ""ধারণক্ষমতা"", ""হলো"", ""৫০০"", ""জন"", ""।""]","[""Nazmul"", ""Fahim""]",77
SCI_0464,SCI_bb20139b0d,Science & Technology,"ব্রডব্যান্ড কেবল ইন্টারনেট অ্যাক্সেসের জন্য গ্রাহকের প্রাঙ্গণে একটি কেবল মডেম এবং একটি কেবল অপারেটর একটি কেবল মোডেম টার্মিনেশন সিস্টেম (সিএমটিএস) প্রয়োজন তাকে সাধারণত কেবল টেলিভিশন হেডএন্ড‌ বলা হয়। এই দুটি কোক্সিয়াল কেবল বা একটি হাইব্রিড ফাইবার-কক্সিয়াল (এইচএফসি) এর মাধ্যমে সংযুক্ত করা হয়। যদিও অ্যাক্সেস নেটওয়ার্ককে কখনও শেষ মাইলের প্রযুক্তি হিসাবে উল্লেখ করা হয়। কেবল ইন্টারনেট সিস্টেম সাধারণত কাজ করতে পারে যখন মোডেম এবং টার্মিনেশন সিস্টেমের মধ্যে দূরত্ব ১৬০ কিলোমিটার (৯৯ মাইল) পর্যন্ত হয়। যদি এইচএফসি নেটওয়ার্ক বড় হয়, তাহলে কেবল মোডেম টার্মিনেশন সিস্টেমকে দক্ষ ব্যবস্থাপনার জন্য হাবে শ্রেণীবদ্ধ করা যেতে পারে।",গ্রাহকের প্রাঙ্গণে থাকা কেবল মডেম এবং কেবল অপারেটরের সিএমটিএস কীসের মাধ্যমে একে অপরের সাথে যুক্ত থাকে?,এই দুটি যন্ত্র কোক্সিয়াল কেবল কিংবা একটি হাইব্রিড ফাইবার-কক্সিয়াল বা এইচএফসি-র মাধ্যমে সংযুক্ত করা হয়ে থাকে।,"[""এই"", ""দুটি"", ""যন্ত্র"", ""কোক্সিয়াল"", ""কেবল"", ""কিংবা"", ""একটি"", ""হাইব্রিড"", ""ফাইবার"", ""-"", ""কক্সিয়াল"", ""বা"", ""এইচএফসি"", ""-"", ""র"", ""মাধ্যমে"", ""সংযুক্ত"", ""করা"", ""হয়ে"", ""থাকে"", ""।""]","[""Mehrin"", ""Mominul""]",78
HLT_0009,HLT_5a828d1cd1,Healthcare,"স্বাস্থ্য অধিদপ্তরের অনলাইন সেবা — ঘরে বসেই সরকারি হাসপাতালের বহির্বিভাগের (OPD) অ্যাপয়েন্টমেন্ট ও ই-টিকিট বুক করুন, লাইনে দাঁড়ানোর দরকার নেই।
না। হাসপাতালের কাউন্টারে আগের মতোই সরাসরি টিকিট পাওয়া যাবে; অনলাইনে বুক করলে টিকেট এর জন্য দাড়ানোর সময় বাঁচে।
https://eappointment.dghs.gov.bd ওয়েবসাইটে যান। “নতুন?নিবন্ধন করুন” বাটনে ক্লিক করুন। আপনার সচল মোবাইল নাম্বার এবং ক্যাপচা দিন। ওপিটি দিয়ে যাচাই করুন। আপনার জন্ম তারিখ প্রদান করুন। এরপর আপনার জন্ম নিবন্ধন/জাতীয় পরিচয়পত্র (বয়স অনুযায়ী যেটা প্রয়োজন), বর্তমান ঠিকানা এবং পাসওয়ার্ড প্রদান করে নিচের বাটনে ক্লিক করুন। আপনার নিবন্ধন সম্পন্ন হবে, হেলথ আইডি এবং হেলথ কার্ড দেখতে পাবেন। ভবিষ্যৎ প্রয়োজনের জন্য সংরক্ষণ করুন।",অনলাইনে সরকারি হাসপাতালের বহির্বিভাগের অ্যাপয়েন্টমেন্ট ও ই-টিকিট বুক করার জন্য কোন ওয়েবসাইটে প্রবেশ করতে হবে?,https://health.gov.bd ওয়েবসাইটে প্রবেশ করতে হবে।,"[""https"", "":"", ""/"", ""/"", ""health"", ""."", ""gov"", ""."", ""bd"", ""ওয়েবসাইটে"", ""প্রবেশ"", ""করতে"", ""হবে"", ""।""]","[""Mehrin"", ""Nazmul""]",79
EDU_0098,EDU_01323f77fe,Education,"কারিগরি শিক্ষা অধিদপ্তর (ডিটিই) ভারতের কেরলের সরকারের অধীনে একটি উচ্চশিক্ষা পরিচালনা সংস্থা। এটি উচ্চ শিক্ষা বিভাগের একটি অংশ এবং এটি সরাসরি শিক্ষামন্ত্রী কর্তৃক পরিচালিত হয়। অধিদপ্তর টি উচ্চশিক্ষা সংক্রান্ত বিভিন্ন বিষয়ে সরকারকে পরামর্শ দেয়। এটি ৯ টি সরকারী প্রকৌশল কলেজ, ৩ টি সহায়ক ইঞ্জিনিয়ারিং কলেজ, ৪৯ টি পলিটেকনিক কলেজ, চারটি চারুকলা কলেজ, ৩৯ টি প্রযুক্তিগত উচ্চ বিদ্যালয়, ১ টি সরকারি বাণিজ্যিক প্রতিষ্ঠান, ৪২ টি টেলিং ও পোশাক তৈরির প্রশিক্ষণ কেন্দ্র এবং চারটি বৃত্তিমূলক প্রশিক্ষণ কেন্দ্র পরিচালনা করে।",কারিগরি শিক্ষা অধিদপ্তরের অধীন কয়টি পলিটেকনিক কলেজ রয়েছে?,কারিগরি শিক্ষা অধিদপ্তরের অধীন ৪৯টি পলিটেকনিক কলেজ পরিচালিত হয়।,"[""কারিগরি"", ""শিক্ষা"", ""অধিদপ্তরের"", ""অধীন"", ""৪৯টি"", ""পলিটেকনিক"", ""কলেজ"", ""পরিচালিত"", ""হয়"", ""।""]","[""Mehrin"", ""Fahim""]",80
GOV_0251,GOV_2c26be6191,Government Services,"তথ্যপ্রযুক্তি আইনের ৫৪, ৫৫, ৫৬, ৫৭ ও ৬৬ সহ মোট ৫টি ধারা বিলুপ্ত করে ১৮ সেপ্টেম্বর ২০১৮ তে, বাংলাদেশের সংসদে কণ্ঠভোটে ডিজিটাল নিরাপত্তা আইন ২০১৮ পাস হয়। এ আইনটি প্রস্তাবের পর গণমাধ্যমকর্মী এবং সামাজিক মাধ্যমের কর্মী সহ বিভিন্ন মহল তীব্র সমালোচনা করে। তাদের মতে ৫৭ ধারায় অপরাধের ধরনগুলো একসঙ্গে উল্লেখ ছিল, নতুন আইনে শুধুমাত্র সেগুলো বিভিন্ন ধারায় ভাগ করে দেয়া হয়েছে। ৩২ ধারায় সাংবাদিকরা হয়রানির শিকার হতে পারে বলে আশঙ্কা করেন সাংবাদিকরা।",ডিজিটাল নিরাপত্তা আইনের কোন ধারাটি নিয়ে সাংবাদিকরা হয়রানির আশঙ্কা প্রকাশ করেছিলেন?,সাংবাদিকরা আশঙ্কা করেছিলেন যে নতুন আইনের ৩২ ধারার কারণে তারা হয়রানির শিকার হতে পারেন।,"[""সাংবাদিকরা"", ""আশঙ্কা"", ""করেছিলেন"", ""যে"", ""নতুন"", ""আইনের"", ""৩২"", ""ধারার"", ""কারণে"", ""তারা"", ""হয়রানির"", ""শিকার"", ""হতে"", ""পারেন"", ""।""]","[""Mominul"", ""Nazmul""]",81
GOV_0176,GOV_e5332824fe,Government Services,"মার্কিন যুক্তরাষ্ট্রের পাসপোর্ট হল মার্কিন যুক্তরাষ্ট্রের নাগরিকদের জন্য জারি করা পাসপোর্ট। মার্কিন পাসপোর্ট একচেটিয়াভাবে মার্কিন পররাষ্ট্র মন্ত্রণালয় কর্তৃক জারি করা হয় এবং পাসপোর্ট ছাড়াও বুকলেট আকারের সীমিত ব্যবহারযোগ্য একধরণের পাসপোর্ট কার্ড প্রয়োজনীয়তা সাপেক্ষে জারি করা হয়। ওয়েস্টার্ন হেমিস্ফিয়ার ট্রাভেল ইনিশিয়েটিভের সাথে সঙ্গতিপূর্ণ একটি বৈধ মার্কিন পাসপোর্ট বা পাসপোর্ট-প্রতিস্থাপন নথি ছাড়াই মার্কিন নাগরিক এবং নাগরিকদের দেশে প্রবেশ বা প্রস্থান করা বেআইনি, যদিও অনেক ব্যতিক্রম রয়েছে; পাসপোর্ট ছাড়াই ফিরে আসা মার্কিন নাগরিকদের জন্য সাধারণভাবে মওকুফ দেওয়া হয়, এবং প্রস্থানের প্রয়োজনীয়তা প্রয়োগ করা হয় না। ২০২২ সালের হিসাবে, মার্কিন যুক্তরাষ্ট্রের পাসপোর্ট ১৮৬ টি দেশ এবং অঞ্চলে ভিসা-মুক্ত ভ্রমণের অনুমতি দেয়, যা ভ্রমণের স্বাধীনতার ক্ষেত্রে বিশ্বের ৭ম শক্তিশালী।",মার্কিন যুক্তরাষ্ট্রের পাসপোর্ট প্রস্তুত বা জারি করার দায়িত্ব কোন সংস্থার?,মার্কিন যুক্তরাষ্ট্রের পাসপোর্ট একচেটিয়াভাবে মার্কিন পররাষ্ট্র মন্ত্রণালয় কর্তৃক জারি করা হয়।,"[""মার্কিন"", ""যুক্তরাষ্ট্রের"", ""পাসপোর্ট"", ""একচেটিয়াভাবে"", ""মার্কিন"", ""পররাষ্ট্র"", ""মন্ত্রণালয়"", ""কর্তৃক"", ""জারি"", ""করা"", ""হয়"", ""।""]","[""Mominul"", ""Fahim""]",82
GOV_0388,GOV_39b585d261,Government Services,"তথ্য ও যোগাযোগ প্রযুক্তি আইন প্রথম করা হয় ২০০৬ সালে। পরবর্তীতে ২০১৩ সালে শাস্তি বাড়িয়ে আইনটিকে আরও কঠোর করা হয়।
ডিজিটাল নিরাপত্তা আইন ২০১৮ এর আলোচিত সমালোচিত কিছু উল্লেখযোগ্য ধারা নিচে তুলে ধরা হলোঃ
১৭ ধারা অনুযায়ী, যদি কোনো ব্যক্তি গুরুত্বপূর্ণ তথ্য পরিকাঠামোয় বেআইনি প্রবেশ করে ক্ষতিসাধন,বিনষ্ট বা অকার্যকরের চেষ্টা করে, তাহলে অনধিক সাত বছরের জেল; জরিমানা ২৫ লাখ টাকা।ক্ষতিসাধন করলে সর্ব্বোচ ১৪ বছরের কারাদন্ড। জরিমানা এক কোটি টাকা।",তথ্য ও যোগাযোগ প্রযুক্তি আইন সর্বপ্রথম কত সালে প্রণয়ন করা হয়েছিল?,তথ্য ও যোগাযোগ প্রযুক্তি আইন প্রথম করা হয় ২০০৪ সালে।,"[""তথ্য"", ""ও"", ""যোগাযোগ"", ""প্রযুক্তি"", ""আইন"", ""প্রথম"", ""করা"", ""হয়"", ""২০০৪"", ""সালে"", ""।""]","[""Nazmul"", ""Fahim""]",83
AGR_0478,AGR_5b2eca42c0,Agriculture,"পর্যায়-৩ এর মধ্যে ৫২৪ মিটার (১,৭১৯ ফুট) পর্যন্ত আলমত্তি বাঁধের পূর্ণ জলাশয় জলের স্তর বাড়ানো হয় এবং এর ফলে ৩০ টি গ্রামের স্থানান্তর প্রয়োজন হয়। এক লাখ একর (৪০৫ বর্গকিলোমিটার) জমি ডুবে যাবে।
ইউকেপি তৃতীয় পর্যায়ে মুলওয়াড, চিমমালগি ও ইন্ডিতে উত্তোলন সেচ প্রকল্প অন্তর্ভুক্ত করবে এবং নারায়ণপুরের বাম তীরের খাল ও ভীম ডাইভারশন প্ল্যানটি সম্প্রসারণ করবে। পর্যায়-৩ রামপুর, মল্লাবাদ, কোপ্পাল ও হরকালের উত্তোলন সেচ প্রকল্পের বর্ধিতকরণও অন্তর্ভুক্ত হবে।",আলমত্তি বাঁধের জলাশয়ের জলের স্তর বাড়ানোর ফলে কতটি গ্রাম স্থানান্তরের প্রয়োজন হয়?,জলের স্তর বাড়ানোর ফলে ৩০ টি গ্রাম স্থানান্তরের প্রয়োজন দেখা দেয়।,"[""জলের"", ""স্তর"", ""বাড়ানোর"", ""ফলে"", ""৩০"", ""টি"", ""গ্রাম"", ""স্থানান্তরের"", ""প্রয়োজন"", ""দেখা"", ""দেয়"", ""।""]","[""Mehrin"", ""Mominul""]",84
AGR_0352,AGR_140f5ff762,Agriculture,"চীন দেশে এই প্রযুক্তি বেশ জনপ্রিয়। চীনেই প্রথম ছোট খাঁচায় বেশি ঘনত্বে মাছ চাষ শুরু হয়েছিল। সে দেশে সম্পূরক খাবার দিয়ে খাঁচায় তেলাপিয়া এবং কমন কার্প চাষ খুব জনপ্রিয়। পৃথিবীর মৎস্য চাষের ইতিহাসে চীনের ইয়াংঝি নদীতে ১৩শ শতাব্দিতে প্রথম খাঁচায় মাছ চাষ শুরু হয়।
তাইওয়ানেও ৫০ থেকে ১০০ গ্রাম ওজনের তেলাপিয়া খাঁচায় চাষ করে ৫০০ থেকে ৬০০ গ্রামের তেলাপিয়ায় পরিণত করা হয় এবং বিভিন্ন দেশে রফতানি করে। তাইওয়ান ২০০৬ সালেই ২০ হাজার মেট্রিক টন ফ্রোজেন তেলাপিয়া এবং ৩ হাজার ১শ’ মেট্রিক টন তেলাপিয়ার ফিলেট রফতানি করে।",তাইওয়ানে কত ওজনের তেলাপিয়া মাছকে খাঁচায় চাষ করে কত ওজনে রূপান্তর করা হয়?,তাইওয়ানে তেলাপিয়া খাঁচায় চাষ করে ৫০০ থেকে ৬০০ গ্রামের তেলাপিয়ায় পরিণত করা হয়।,"[""তাইওয়ানে"", ""তেলাপিয়া"", ""খাঁচায়"", ""চাষ"", ""করে"", ""৫০০"", ""থেকে"", ""৬০০"", ""গ্রামের"", ""তেলাপিয়ায়"", ""পরিণত"", ""করা"", ""হয়"", ""।""]","[""Mehrin"", ""Nazmul""]",85
UNI_0322,UNI_cf6277d359,Universities,"চট্টগ্রাম বিশ্ববিদ্যালয় কেন্দ্রীয় ছাত্র সংসদ (সংক্ষেপে চাকসু হিসেবে পরিচিত) হলো চট্টগ্রাম বিশ্ববিদ্যালয়ের কেন্দ্রীয় ছাত্র সংসদ । শিক্ষার্থীদের শিক্ষার মান, নেতৃত্ব প্রদান ও অধিকার সম্পর্কে তাদের মতপ্রকাশের জন্য ১৯৬৬ সালে চাকসু প্রতিষ্ঠিত হয়। বাংলাদেশের স্বাধীনতা যুদ্ধেও চাকসু গুরুত্বপূর্ণ অবদান রাখে।",চট্টগ্রাম বিশ্ববিদ্যালয় কেন্দ্রীয় ছাত্র সংসদ সংক্ষেপে কী নামে পরিচিত?,চট্টগ্রাম বিশ্ববিদ্যালয় কেন্দ্রীয় ছাত্র সংসদ সংক্ষেপে পরিচিত।,"[""চট্টগ্রাম"", ""বিশ্ববিদ্যালয়"", ""কেন্দ্রীয়"", ""ছাত্র"", ""সংসদ"", ""সংক্ষেপে"", ""পরিচিত"", ""।""]","[""Mehrin"", ""Fahim""]",86
AGR_0424,AGR_77507e4e6c,Agriculture,"বাংলাদেশ চা গবেষণা ইনস্টিটিউট বাংলাদেশ চা বোর্ডের অধীনস্থ একটি স্বায়ত্তশাসিত প্রতিষ্ঠান।
পাকিস্তান চা বোর্ড, ১৯৫২ সালে পূর্ব পাকিস্তানে একটি চা গবেষণা স্টেশন প্রতিষ্ঠা করে। বাংলাদেশের স্বাধীনতার পর ১৯৭৩ সালে বাংলাদেশ সরকার স্টেশনটিকে একটি গবেষণা প্রতিষ্ঠানে উন্নীত করে। ভারতের আসামের পরেই উপমহাদেশের সবচেয়ে পুরাতন চা গবেষণা কেন্দ্র রয়েছে শ্রীমঙ্গলে। যা দেখতে প্রচুর পর্যটক আসে।",উপমহাদেশের সবচেয়ে পুরাতন চা গবেষণা কেন্দ্র কোন দেশের আসামের পরে এবং কোথায় অবস্থিত?,উপমহাদেশের সবচেয়ে পুরাতন চা গবেষণা কেন্দ্রটি পাকিস্তানের আসামের পরেই শ্রীমঙ্গলে অবস্থিত।,"[""উপমহাদেশের"", ""সবচেয়ে"", ""পুরাতন"", ""চা"", ""গবেষণা"", ""কেন্দ্রটি"", ""পাকিস্তানের"", ""আসামের"", ""পরেই"", ""শ্রীমঙ্গলে"", ""অবস্থিত"", ""।""]","[""Mominul"", ""Nazmul""]",87
HLT_0438,HLT_9d5c455d65,Healthcare,"প্লাজমোডিয়াম গণ এপিকমপ্লেক্সা পর্বের (Phylum Apicomplexa) একটি সদস্য। এপিকমপ্লেক্সা পর্ব পরজীবী ইউক্যারিওটসমূহের একটি বৃহৎ গোষ্ঠী নিয়ে গঠিত। প্লাজমোডিয়াম গণ এপিকমপ্লেক্সা পর্বের মধ্যে বর্গ হেমোস্পোরিডা (Order Haemosporida) এবং গোত্র প্লাজমোডিডা (Family Plasmodiidae)-তে অবস্থিত।প্লাজমোডিয়াম এর ২০০ টিরও বেশি প্রজাতি বর্ণিত হয়েছে, যার মধ্যে অনেকগুলো পরজীবীর অঙ্গসংস্থান এবং পোষকের পরিসরের উপর ভিত্তি করে ১৪ টি উপগণে বিভক্ত হয়েছে। বিভিন্নপ্লাজমোডিয়াম প্রজাতির মধ্যে বিবর্তনীয় সম্পর্ক সর্বদা ট্যাক্সোনোমিক সীমানা অনুসরণ করে না; কিছু প্রজাতি অঙ্গসংস্থানের দিক থেকে অনুরূপ হলেও বা একই পোষককে সংক্রমিত করলেও, দেখা যায় তারা দূর সম্পর্কিত।",প্লাজমোডিয়াম গণের কতটি প্রজাতি এখন পর্যন্ত বর্ণিত হয়েছে?,প্লাজমোডিয়াম গণের ২০০ টিরও বেশি প্রজাতি বর্ণিত হয়েছে।,"[""প্লাজমোডিয়াম"", ""গণের"", ""২০০"", ""টিরও"", ""বেশি"", ""প্রজাতি"", ""বর্ণিত"", ""হয়েছে"", ""।""]","[""Mominul"", ""Fahim""]",88
EDU_0058,EDU_dea310cab5,Education,"২য় স্তর: আল - মারহালাতুস সানাবিয়াহ্ আল উলইয়া (উচ্চ মাধ্যমিক স্তর): এতে রয়েছে দু'বছর (একাদশ শ্রেণি থেকে দ্বাদশ শ্রেণি)।
৩য় স্তর: মারহালাতুল ফজিলাত (স্নাতক ডিগ্রি)। এতে রয়েছে দু'বছর (১৩শ শ্রেণি থেকে ১৪শ শ্রেণি)।
৪র্থ স্তর:- মারহালাতুল তাকমিল (মাস্টার্স ডিগ্রি)। এতে রয়েছে দু'বছর। এ স্তরকে দাওরায়ে হাদিস বলা হয়।",কোন স্তরটিকে দাওরায়ে হাদিস বলা হয়?,মাস্টার্স ডিগ্রি সমতুল্য মারহালাতুল তাকমিল বা চতুর্থ স্তরকে দাওরায়ে হাদিস বলা হয়।,"[""মাস্টার্স"", ""ডিগ্রি"", ""সমতুল্য"", ""মারহালাতুল"", ""তাকমিল"", ""বা"", ""চতুর্থ"", ""স্তরকে"", ""দাওরায়ে"", ""হাদিস"", ""বলা"", ""হয়"", ""।""]","[""Nazmul"", ""Fahim""]",89
AGR_0164,AGR_459dc625b7,Agriculture,"বঙ্গবন্ধু ধান হেক্টরপ্রতি ৭.৮ টন (বিঘা প্রতি ১০৪৩ কেজি) উৎপাদন সম্ভব। উৎপাদন কাল ১৪৫ থেকে ১৪৮ দিন, যেখানে অন্যান্য ধানে প্রায় ১৬০ দিন লাগে। চাল মাঝারি চিকন ও সাদা। জিংকের পরিমাণ প্রতি কেজিতে ২৫.৭ মিলিগ্রাম, যা জিংকের অভাব পূরণে ব্যাপক ভূমিকা রাখবে। চালের অ্যামাইলোজ ২৬.৮ শতাংশ ও প্রোটিন ৭.৮ শতাংশ। চালের গুণগত মান ভাল এবং ভাত ঝরঝরে। এই ধান আবাদে ১০ থেকে ১৪ দিন সময় কম লাগে। সার ও কিটনাশকও কম দিতে হয়। ফলন বেশি। অন্য ধানের তুলনায় দু-এক সপ্তাহ আগে ধান কাটা যায়। ঝড়বৃষ্টিতে ফসল নষ্ট হয় কম। সময় ও খরচ বাঁচে। বেশি শীতে অন্যান্য জাতের ধানের বীজ বপনের পর ঘন কুয়াশায় অনেক চারা নষ্ট হয়। কিন্তু বঙ্গবন্ধু জাতের বীজ বপনের পর অল্প কিছুদিনের মধ্যেই রোপণ করতে পারায় চারা নষ্টের হার কম। এই ধানের ফ্লাগ লিড ভাল থাকায় ফলন ভাল হয়। অন্যান্য ধানে ফ্লাগ লিড কম থাকায় চিটা বেশি হয়। এর ডিগ পাতা খাড়া, প্রশস্ত ও লম্বা এবং পাতার রং সবুজ; পূর্ণবয়স্ক গাছের উচ্চতা ১০১ সেন্টিমিটার; এক হাজার পুষ্ট ধানের ওজন ১৬ দশমিক ৭ গ্রাম।",পূর্ণবয়স্ক বঙ্গবন্ধু গাছের উচ্চতা এবং এক হাজার পুষ্ট ধানের ওজন কত?,পূর্ণবয়স্ক বঙ্গবন্ধু গাছের উচ্চতা ১০১ সেন্টিমিটার এবং এক হাজার পুষ্ট ধানের ওজন ১৬ দশমিক ৭ গ্রাম।,"[""পূর্ণবয়স্ক"", ""বঙ্গবন্ধু"", ""গাছের"", ""উচ্চতা"", ""১০১"", ""সেন্টিমিটার"", ""এবং"", ""এক"", ""হাজার"", ""পুষ্ট"", ""ধানের"", ""ওজন"", ""১৬"", ""দশমিক"", ""৭"", ""গ্রাম"", ""।""]","[""Mehrin"", ""Mominul""]",90
SCI_0319,SCI_d949353827,Science & Technology,"নিকটবর্তী ভবিষ্যতে ২০০ বিলিয়ন ডিভাইসের সাথে যুক্ত হওয়ার অনুমান রয়েছে। বাজারের মূল্য ৮০ বিলিয়ন ডলারে অনুমান করা হয়।
ইন্টারনেট অব থিংস পরিভাষাটির প্রচলন শুরু হয় ম্যাসাচুসেটস ইনস্টিটিউট অব টেকনোলজির অটো-আইটি সেন্টারের সহপ্রতিষ্ঠাতা এবং নির্বাহী পরিচালক কেভিন অ্যাশটনের মাধ্যমে। ১৯৯৯ সালে পি অ্যান্ড জি কোম্পানির একটি প্রজেক্টে কাজ করার সময় কেভিন ইন্টারনেট অব থিংস পরিভাষাটি ব্যবহার করেন।",ইন্টারনেট অব থিংস পরিভাষাটি কে প্রথম ব্যবহার করেন?,ম্যাসাচুসেটস ইনস্টিটিউট অব টেকনোলজির অটো-আইটি সেন্টারের সহপ্রতিষ্ঠাতা এবং নির্বাহী পরিচালক কেভিন অ্যাশটন প্রথম ইন্টারনেট অব থিংস পরিভাষাটির প্রচলন করেন।,"[""ম্যাসাচুসেটস"", ""ইনস্টিটিউট"", ""অব"", ""টেকনোলজির"", ""অটো"", ""-"", ""আইটি"", ""সেন্টারের"", ""সহপ্রতিষ্ঠাতা"", ""এবং"", ""নির্বাহী"", ""পরিচালক"", ""কেভিন"", ""অ্যাশটন"", ""প্রথম"", ""ইন্টারনেট"", ""অব"", ""থিংস"", ""পরিভাষাটির"", ""প্রচলন"", ""করেন"", ""।""]","[""Mehrin"", ""Nazmul""]",91
BDA_0233,BDA_6d8349c171,Bangladesh Affairs,"বাংলাদেশে তিন ধরনের পাসপোর্ট প্রদান করা হয়- ক) আন্তর্জাতিক পাসপোর্ট - যে কোনো দেশে ভ্রমণ করার জন্য; খ) বিশেষ পাসপোর্ট - শুধু ভারতে ভ্রমণ করার জন্য; এবং গ) কূটনৈতিক পাসপোর্ট। পাসপোর্টের জন্য আবেদন করতে হলে নির্ধারিত আবেদনপত্র পূরণ করে তার সাথে ২ কপি পাসপোর্ট সাইজের ছবি, ১ কপি স্ট্যাম্প সাইজের ছবি ও নির্ধারিত ফি জমাদানের রশিদ সংযুক্ত করে জমা দিতে হবে। পাসপোর্ট ফরম যথাযথভাবে পূরণ করে যে কোনো একজন উপযুক্ত ব্যক্তি কর্তৃক সত্যায়িত করতে হবে। পাসপোর্ট প্রদানের সময়সীমা প্রার্থীর প্রয়োজন অনুসারে নির্ধারিত হয়। প্রার্থী অতি জরুরি (৭২ ঘণ্টার), জরুরি (১১-২১ দিনের মধ্যে), এবং সাধারণ (২১-৩০ দিনের মধ্যে) সময়সীমার জন্য অথবা তার প্রয়োজনের ভিত্তিতে পাসপোর্টের জন্য আবেদন করতে পারে।",পাসপোর্টের আবেদন জমা দেওয়ার সময় ছবির সাথে আর কী যুক্ত করতে হয়?,আবেদনপত্রের সাথে ছবি সংযুক্ত করে জমা দিতে হয়।,"[""আবেদনপত্রের"", ""সাথে"", ""ছবি"", ""সংযুক্ত"", ""করে"", ""জমা"", ""দিতে"", ""হয়"", ""।""]","[""Mehrin"", ""Fahim""]",92
UNI_0337,UNI_da266cdd55,Universities,১৯৪৭ এর দেশবিভাগের ফলে আহসানউল্লাহ ইঞ্জিনিয়ারিং স্কুলের মুষ্টিমেয় কয়েকজন শিক্ষক ছাড়া বাকি শিক্ষকদের সবাই ভারতে চলে যান ও ভারত থেকে ৫ জন শিক্ষক এ স্কুলে যোগদান করেন। ১৯৪৭ এর আগস্ট মাসে এটিকে আহসানউল্লাহ ইঞ্জিনিয়ারিং কলেজ রূপে উন্নীত করা হয় ঢাকা বিশ্ববিদ্যালয়ের অধীনে ইঞ্জিনিয়ারিং অনুষদ হিসেবে। জনাব হাকিম আলী এর অধ্যক্ষ নিযুক্ত হন।,আহসানউল্লাহ ইঞ্জিনিয়ারিং কলেজের প্রথম অধ্যক্ষ কে ছিলেন?,জনাব হাকিম আলী আহসানউল্লাহ ইঞ্জিনিয়ারিং স্কুলের অধ্যক্ষ হিসেবে নিযুক্ত হয়েছিলেন।,"[""জনাব"", ""হাকিম"", ""আলী"", ""আহসানউল্লাহ"", ""ইঞ্জিনিয়ারিং"", ""স্কুলের"", ""অধ্যক্ষ"", ""হিসেবে"", ""নিযুক্ত"", ""হয়েছিলেন"", ""।""]","[""Mominul"", ""Nazmul""]",93
EDU_0410,EDU_522456f51b,Education,"আতাউর রহমান খান শিক্ষা কমিশন, ১৯৫৭ হলো পূর্ব পাকিস্তান সরকার প্রদেশে শিক্ষার সার্বিক সংস্কার সুপারিশের জন্য গঠিত একটি শিক্ষা কমিশন। ১৯৫৭ সালের জানুয়ারি মাসে আতাউর রহমান খানকে চেয়ারম্যানের দায়িত্ব দিয়ে একটি শিক্ষা কমিশন তৈরি করা হয়। এই কমিশন প্রাথমিক, মাধ্যমিক ও উচ্চ মাধ্যমিক শিক্ষাস্তরের শিক্ষাব্যবস্থায় গবেষণা ও পর্যবেক্ষণ করে কিছু সংস্কারের সুপারিশ করে। এই কমিশন সমগ্র পূর্ব পাকিস্তানে প্রাথমিক স্তরের শিক্ষা ব্যবস্থার উপরে অত্যধিক গুরুত্বারোপ করে। প্রাথমিক শিক্ষা ব্যবস্থাকে সম্পূর্ণ অবৈতনিক এবং সাথে সাথে বাধ্যতামূলক করার পরামর্শ দেন। এসব প্রাথমিক বিদ্যালয়ে সরকারের সরাসরি হস্তক্ষেপ ও নিয়ন্ত্রণের প্রস্তাব দেন।",আতাউর রহমান খান শিক্ষা কমিশন কত সালে গঠিত হয়েছিল?,আতাউর রহমান খান শিক্ষা কমিশন ১৯৫৮ সালে গঠিত হয়।,"[""আতাউর"", ""রহমান"", ""খান"", ""শিক্ষা"", ""কমিশন"", ""১৯৫৮"", ""সালে"", ""গঠিত"", ""হয়"", ""।""]","[""Mominul"", ""Fahim""]",94
HIS_0006,HIS_11bb38ab98,History,বয়রার যুদ্ধ হচ্ছে বাংলাদেশের স্বাধীনতা যুদ্ধের প্রাক্কালে ১৯৭১ সালের ২২ নভেম্বর তারিখে সংগঠিত একটি আকাশ যুদ্ধ যেটি ভারতীয় বিমান বাহিনী ও ভারতীয় আকাশ সীমায় অনুপ্রবেশকারী পাকিস্তানি বিমান বাহিনীর যুদ্ধ বিমানের মধ্যে সংঘটিত হয়েছিলো। বাংলাদেশের স্বাধীনতা যুদ্ধের অংশ হিসাবে গরিবপুরের যুদ্ধে পাকিস্তানি সেনাবাহিনী মুক্তিবাহিনীর (বাঙালি গেরিলা যোদ্ধা) বিরুদ্ধে যুদ্ধে লিপ্ত ছিলো যাতে ভারতীয় সেনাবাহিনীর একটি ব্যাটালিয়নও জড়িয়ে পড়ে। পাকিস্তানের স্থল বাহিনী ঢাকায় অবস্থিত পিএএফ'এর নিকট থেকে সরাসরি বিমান আচ্ছাদন ও ঘনিষ্ট বিমান সহায়তা পায় এফ-৮৬ স্যাবর জেটের দ্বারা যার চালকগণকে কর্তৃপক্ষের তরফ থেকে ইন্দো-পাক সীমান্ত পেরোনোর দায়মুক্তির নির্দেশনা দেয়া হয়েছিলো। এই আকস্মিক আক্রমণ মোকাবেলা করার জন্য ৪টি ফোলল্যান্ড ন্যাট'এর একটি বহর মূল ঘাটি ১০০ কিলোমিটার উত্তর-পশ্চিমে অবস্থিত খড়গপুরের নিকটবর্তী কালাইকুন্ড হতে দমদম (কোলকাতা বিমানবন্দর)'এ স্থানান্তরিত করা হয়। এই বহরের নেতৃত্বে ছিলেন ফ্লাইট লেফটেন্যান্ট রয় অ্যান্ড্রু ম্যাসে।,দমদম বিমানবন্দর বা কোলকাতা বিমানবন্দরে স্থানান্তরিত ফোলল্যান্ড ন্যাট বহরের নেতৃত্বে কে ছিলেন?,দমদম বিমানবন্দর বা কোলকাতা বিমানবন্দরে স্থানান্তরিত ৪টি ফোলল্যান্ড ন্যাট'এর বহরের নেতৃত্বে ছিলেন ফ্লাইট লেফটেন্যান্ট রয় অ্যান্ড্রু ম্যাসে।,"[""দমদম"", ""বিমানবন্দর"", ""বা"", ""কোলকাতা"", ""বিমানবন্দরে"", ""স্থানান্তরিত"", ""৪টি"", ""ফোলল্যান্ড"", ""ন্যাট"", ""'"", ""এর"", ""বহরের"", ""নেতৃত্বে"", ""ছিলেন"", ""ফ্লাইট"", ""লেফটেন্যান্ট"", ""রয়"", ""অ্যান্ড্রু"", ""ম্যাসে"", ""।""]","[""Nazmul"", ""Fahim""]",95
SCI_0222,SCI_221d58c293,Science & Technology,"বৈদ্যুতিক শক্তির ম্যাট্রিক্সে ব্রাজিল এবং বিশ্বের মধ্যে পার্থক্য আরও লক্ষণীয়। ২০১৯ সালে, যেখানে বিশ্বে নবায়নযোগ্য বৈদ্যুতিক শক্তির পরিমাণ ছিল মাত্র ২৫%, ব্রাজিলের বৈদ্যুতিক শক্তির ম্যাট্রিক্সে তা ছিল ৮৩%। ব্রাজিলের বৈদ্যুতিক শক্তির উৎসগুলির মধ্যে প্রধান হল জলবিদ্যুৎ, যা ৬৪.৯% ব্যবহার হয়, তারপর রয়েছে জৈববস্তুপুঞ্জ ৮.৪%, বায়ু শক্তি ৮.৬%, সৌর শক্তি ১%, প্রাকৃতিক গ্যাস ৯.৩%, তেল পণ্য ২%, পারমাণবিক শক্তি ২.৫%, এবং কয়লা ও তার ডেরিভেটিভস ৩.৩%।",ব্রাজিলের বিদ্যুৎ উৎপাদনে জৈববস্তুপুঞ্জ এবং বায়ু শক্তির অবদানের হার কত?,ব্রাজিলের বিদ্যুৎ উৎপাদনে জৈববস্তুপুঞ্জের অবদান ৮.৪% এবং বায়ু শক্তির অবদান ৮.৬%।,"[""ব্রাজিলের"", ""বিদ্যুৎ"", ""উৎপাদনে"", ""জৈববস্তুপুঞ্জের"", ""অবদান"", ""৮.৪"", ""%"", ""এবং"", ""বায়ু"", ""শক্তির"", ""অবদান"", ""৮.৬"", ""%"", ""।""]","[""Mehrin"", ""Mominul""]",96
HIS_0202,HIS_e86686e8a2,History,"জেমস মিল (১৭৭৩–১৮৩৬), তাঁর ‘দ্য হিস্ট্রি অফ ব্রিটিশ ইন্ডিয়া’ (১৮১৭) গ্রন্থে ভারতের ইতিহাসে তিনটি পর্যায়কে চিহ্নিত করেছেন: হিন্দু, মুসলিম এবং ব্রিটিশ সভ্যতা। এই কালবিভাজন প্রভাবশালী হলেও, এর ফলে সৃষ্ট ভুল ধারণার জন্য সমালোচিতও হয়েছে। আরেকটি প্রভাবশালী কালবিভাজন হলো “প্রাচীন, ধ্রুপদী, মধ্যযুগীয় এবং আধুনিক যুগ”-এ বিভাজন, যদিও এই কালবিভাজনও সমালোচিত হয়েছে।",জেমস মিলের জন্ম ও মৃত্যুর সাল কত?,জেমস মিল ১৭৭৩ সালে জন্মগ্রহণ করেন এবং ১৮৩৬ সালে মৃত্যুবরণ করেন।,"[""জেমস"", ""মিল"", ""১৭৭৩"", ""সালে"", ""জন্মগ্রহণ"", ""করেন"", ""এবং"", ""১৮৩৬"", ""সালে"", ""মৃত্যুবরণ"", ""করেন"", ""।""]","[""Mehrin"", ""Nazmul""]",97
SCI_0180,SCI_cfd9350414,Science & Technology,"যদিও সেই সময়ে দেশে কয়েকটি বন্দীশালা ছিল, তবে হিজলি ডিটেনশন ক্যাম্প বা হিজলি বন্দী শিবিরটি ছিল একমাত্র কারাবন্দী যা পুলিশের গুলিতে ২ জন বন্দীর মৃত্যু সাক্ষী। এই ঘটনার প্রতিবাদে নেতৃত্ব দেয়, জাতীয় পরিসংখ্যান দ্বারা তাদের রাগ নিবন্ধন করেন যেমন রবীন্দ্রনাথ ঠাকুর, সুভাষ চন্দ্র বসু এবং আরও অনেক স্বাধীনতা সংগ্রামী। প্রথম ইন্ডিয়ান ইনস্টিটিউট অফ টেকনোলজি (প্রাথমিকভাবে হাই টেকনিক্যাল ইনস্টিটিউট নামে পরিচিত) রাখার জন্য এই ভবনটি ব্যবহার করা হতো।",পুলিশের গুলিতে বন্দি মৃত্যুর ঘটনায় কোন বন্দী শিবিরটি যুক্ত ছিল?,আলিপুর ডিটেনশন ক্যাম্প বা হিজলি বন্দী শিবিরটি পুলিশের গুলিতে বন্দি মৃত্যুর ঘটনায় সাক্ষী ছিল।,"[""আলিপুর"", ""ডিটেনশন"", ""ক্যাম্প"", ""বা"", ""হিজলি"", ""বন্দী"", ""শিবিরটি"", ""পুলিশের"", ""গুলিতে"", ""বন্দি"", ""মৃত্যুর"", ""ঘটনায়"", ""সাক্ষী"", ""ছিল"", ""।""]","[""Mehrin"", ""Fahim""]",98
HLT_0125,HLT_7110ab6175,Healthcare,ভাইরাসের বংশবৃদ্ধির প্রক্রিয়াকে রেপ্লিকেশন বলে। কোষঝিল্লিতে অবস্থিত CD155 রিসেপ্টর (পোলিও ভাইরাস রিসেপ্টর) এর সাথে মিথস্ক্রিয়ার মাধ্যমে কোষে প্রবেশ করে। এবং ক্যাপসিড প্রোটিন দূরীভূত হয়। পোলিও ভাইরাস পজিটিভ সেন্স RNA ভাইরাস হওয়ায় এর জিনোম mRNA হিসেবে কাজ করে এবং ট্রান্সলেশন প্রক্রিয়ার মাধ্যমে একটি দীর্ঘ পলিপেপটাইড তৈরি করে যাকে নন-ক্যাপসিড ভাইরাল প্রোটিন বলে।,পোলিও ভাইরাস কোষে প্রবেশের জন্য কোষঝিল্লির কোন রিসেপ্টরের সাথে মিথস্ক্রিয়া করে?,পোলিও ভাইরাস কোষঝিল্লিতে অবস্থিত CD155 নামক পোলিও ভাইরাস রিসেপ্টরের সাথে মিথস্ক্রিয়ার মাধ্যমে কোষে প্রবেশ করে।,"[""পোলিও"", ""ভাইরাস"", ""কোষঝিল্লিতে"", ""অবস্থিত"", ""CD155"", ""নামক"", ""পোলিও"", ""ভাইরাস"", ""রিসেপ্টরের"", ""সাথে"", ""মিথস্ক্রিয়ার"", ""মাধ্যমে"", ""কোষে"", ""প্রবেশ"", ""করে"", ""।""]","[""Mominul"", ""Nazmul""]",99
GOV_0074,GOV_1c6f90e0d1,Government Services,"হাবিবুল আউয়াল কমিশন হলো বাংলাদেশের ত্রয়োদশ নির্বাচন কমিশন। ২০২২ সালের অনুসন্ধান কমিটির সুপারিশের ভিত্তিতে ২৬ ফেব্রুয়ারি এই কমিশন গঠন করেন রাষ্ট্রপতি আবদুল হামিদ। প্রধান নির্বাচন কমিশনার কাজী হাবিবুল আউয়াল সহ এই কমিশনের সদস্য ৫ জন। এই কমিশনের অধীনে দ্বাদশ জাতীয় সংসদ নির্বাচন অনুষ্ঠিত হয়। বাংলাদেশের সংবিধান অনুযায়ী এই কমিশনের মেয়াদ ৫ বছর। তবে শেখ হাসিনা সরকারের পতনের পর ২০২৪ সালের ৫ সেপ্টেম্বর এই কমিশন পদত্যাগ করে। এই কমিশনের অধীনে দেড় সহস্রাধিক পদে স্থানীয় সরকারের বিভিন্ন নির্বাচন, উপনির্বাচন অনুষ্ঠিত হয়।",কোন নির্বাচন কমিশনের অধীনে দ্বাদশ জাতীয় সংসদ নির্বাচন অনুষ্ঠিত হয়েছিল?,"হাবিবুল আউয়াল কমিশনের অধীনে দ্বাদশ জাতীয় সংসদ নির্বাচন অনুষ্ঠিত হয়েছিল, যা দেশের ইতিহাসে সবচেয়ে দীর্ঘ সময় ধরে চলা নির্বাচন ছিল।","[""হাবিবুল"", ""আউয়াল"", ""কমিশনের"", ""অধীনে"", ""দ্বাদশ"", ""জাতীয়"", ""সংসদ"", ""নির্বাচন"", ""অনুষ্ঠিত"", ""হয়েছিল"", "","", ""যা"", ""দেশের"", ""ইতিহাসে"", ""সবচেয়ে"", ""দীর্ঘ"", ""সময়"", ""ধরে"", ""চলা"", ""নির্বাচন"", ""ছিল"", ""।""]","[""Mominul"", ""Fahim""]",100
BDA_0466,BDA_4c7e6dfd8f,Bangladesh Affairs,"ময়মনসিংহ অষ্টম প্রশাসনিক বিভাগ। ১৮২৯ সালে ঢাকা বিভাগ প্রতিষ্ঠার সময় থেকে ২০১৫ সালের ১৩ সেপ্টেম্বর পর্যন্ত বৃহত্তর ময়মনসিংহ অঞ্চল ঢাকা বিভাগের অংশ ছিল। ২০১৫ সালের ১২ জানুয়ারি সাবেক প্রধানমন্ত্রী শেখ হাসিনা মন্ত্রিসভার এক বৈঠকে ঢাকা বিভাগ ভেঙ্গে নতুন ময়মনসিংহ বিভাগ গঠনের ঘোষণা দেন। পরবর্তীতে ২০১৫ সালের ১৪ সেপ্টেম্বর ময়মনসিংহ, জামালপুর, শেরপুর , ও নেত্রকোণা নিয়ে ময়মনসিংহ বিভাগ গঠিত হয়।",কোন কোন জেলা নিয়ে ময়মনসিংহ বিভাগ গঠিত হয়েছে?,"ময়মনসিংহ, জামালপুর, শেরপুর ও নেত্রকোণা জেলা নিয়ে ময়মনসিংহ বিভাগ গঠিত হয়নি।","[""ময়মনসিংহ"", "","", ""জামালপুর"", "","", ""শেরপুর"", ""ও"", ""নেত্রকোণা"", ""জেলা"", ""নিয়ে"", ""ময়মনসিংহ"", ""বিভাগ"", ""গঠিত"", ""হয়নি"", ""।""]","[""Nazmul"", ""Fahim""]",101
EDU_0162,EDU_dea310cab5,Education,"২য় স্তর: আল - মারহালাতুস সানাবিয়াহ্ আল উলইয়া (উচ্চ মাধ্যমিক স্তর): এতে রয়েছে দু'বছর (একাদশ শ্রেণি থেকে দ্বাদশ শ্রেণি)।
৩য় স্তর: মারহালাতুল ফজিলাত (স্নাতক ডিগ্রি)। এতে রয়েছে দু'বছর (১৩শ শ্রেণি থেকে ১৪শ শ্রেণি)।
৪র্থ স্তর:- মারহালাতুল তাকমিল (মাস্টার্স ডিগ্রি)। এতে রয়েছে দু'বছর। এ স্তরকে দাওরায়ে হাদিস বলা হয়।",মারহালাতুল ফজিলাত (স্নাতক ডিগ্রি) স্তরের মেয়াদ কত বছর এবং এটি কোন শ্রেণিগুলো নিয়ে গঠিত?,"মারহালাতুল ফজিলাত (স্নাতক ডিগ্রি) স্তরটি দুই বছরের এবং এটি ১৩শ শ্রেণি থেকে ১৪শ শ্রেণি পর্যন্ত বিস্তৃত, যা ঢাকা বিশ্ববিদ্যালয় কর্তৃক অধিভুক্ত।","[""মারহালাতুল"", ""ফজিলাত"", ""("", ""স্নাতক"", ""ডিগ্রি"", "")"", ""স্তরটি"", ""দুই"", ""বছরের"", ""এবং"", ""এটি"", ""১৩শ"", ""শ্রেণি"", ""থেকে"", ""১৪শ"", ""শ্রেণি"", ""পর্যন্ত"", ""বিস্তৃত"", "","", ""যা"", ""ঢাকা"", ""বিশ্ববিদ্যালয়"", ""কর্তৃক"", ""অধিভুক্ত"", ""।""]","[""Mehrin"", ""Mominul""]",102
AGR_0445,AGR_14b916ae95,Agriculture,"জাতীয় মৎস্য চাষী দিবস প্রতি বছর ১০ জুলাই তারিখে ভারতে পালিত হয়। এই দিবসের উদ্দেশ্য হলো মৎস্য চাষের সাথে জড়িতদের, যেমন জেলে, মাছ চাষী, মৎস্য বিশেষজ্ঞ এবং অন্যান্য অংশীদারদের প্রতি সমর্থন প্রকাশ করা। ২০০১ সালে ভারত সরকার এই দিবসের স্বীকৃতি দেয়। ইন্ডিয়ান কাউন্সিল অফ এগ্রিকালচারাল রিসার্চ (আইসিএআর) অর্থাৎ ভারতীয় কৃষি গবেষণা পরিষদ ২০০১ সালের জাতীয় মৎস্য চাষী দিবস উদযাপনের তত্ত্বাবধান করেছিল, যা ছিল প্রথম। এই গুরুত্বপূর্ণ অনুষ্ঠানে, মৎস্য শিক্ষার ক্ষেত্রে অগ্রণী প্রতিষ্ঠান, সেন্ট্রাল ইনস্টিটিউট অফ ফিশারিজ এডুকেশনও অংশগ্রহণ করে।",প্রথম জাতীয় মৎস্য চাষী দিবস উদযাপনের তত্ত্বাবধান করেছিল কোন সংস্থা?,ভারতীয় কৃষি গবেষণা পরিষদ বা ইন্ডিয়ান কাউন্সিল অফ এগ্রিকালচারাল রিসার্চ (আইসিএআর) প্রথম জাতীয় মৎস্য চাষী দিবস উদযাপনের তত্ত্বাবধান করেছিল।,"[""ভারতীয়"", ""কৃষি"", ""গবেষণা"", ""পরিষদ"", ""বা"", ""ইন্ডিয়ান"", ""কাউন্সিল"", ""অফ"", ""এগ্রিকালচারাল"", ""রিসার্চ"", ""("", ""আইসিএআর"", "")"", ""প্রথম"", ""জাতীয়"", ""মৎস্য"", ""চাষী"", ""দিবস"", ""উদযাপনের"", ""তত্ত্বাবধান"", ""করেছিল"", ""।""]","[""Mehrin"", ""Nazmul""]",103
GOV_0083,GOV_a64eef1ec0,Government Services,"সংসদীয় এবং অন্যান্য স্থানীয় পর্যায়ের নির্বাচন তত্ত্বাবধানের জন্য সংবিধানের VII এর ১১৮ অনুচ্ছেদ দ্বারা বাংলাদেশে একটি নির্বাচন কমিশন প্রতিষ্ঠা করা হয়। কমিশন গঠন করা হবে একজন প্রধান নির্বাচন কমিশনার এবং তাকে সহায়তা করার জন্য চারজনের বেশি নির্বাচন কমিশনার থাকবে না। কমিশনার এবং কমিশনের কার্যকারিতা দি রিপ্রেজেন্টেশন অফ দ্য পিপল অর্ডার, ১৯৭২ দ্বারা আরও স্পষ্ট করা হয়। সংবিধান অনুযায়ী কমিশন হবে একটি স্বাধীন সংস্থা এবং কমিশনাররা পাঁচ বছরের জন্য রাষ্ট্রপতি নিয়োগ করবেন। প্রমাণিত অসদাচরণ বা অক্ষমতার ক্ষেত্রে রাষ্ট্রপতি দ্বারাও তাদের অপসারণ করা যেতে পারে।",বাংলাদেশের নির্বাচন কমিশন গঠনের ক্ষেত্রে কতজন নির্বাচন কমিশনার থাকতে পারেন?,একজন প্রধান নির্বাচন কমিশনার এবং তাকে সহায়তা করার জন্য চারজনের বেশি নির্বাচন কমিশনার থাকবে না।,"[""একজন"", ""প্রধান"", ""নির্বাচন"", ""কমিশনার"", ""এবং"", ""তাকে"", ""সহায়তা"", ""করার"", ""জন্য"", ""চারজনের"", ""বেশি"", ""নির্বাচন"", ""কমিশনার"", ""থাকবে"", ""না"", ""।""]","[""Mehrin"", ""Fahim""]",104
UNI_0025,UNI_9bcd3dd17b,Universities,"নওগাঁ বিশ্ববিদ্যালয় হলো বাংলাদেশের একটি সরকারি বিশ্ববিদ্যালয়, যেটি ২০২৩ সালে উত্তরবঙ্গের অন্যতম বৃহত্তর জনপদ নওগাঁয় দেশের ৫৪তম সরকারি বিশ্ববিদ্যালয় হিসেবে প্রতিষ্ঠিত হয়। সচেতন নওগাঁবাসীর দীর্ঘ‌দিনের প্রত্যাশা পূরণের লক্ষ্যে উচ্চশিক্ষায় অগ্রসরমান বিশ্বের সাথে সংগতি রক্ষা ও সমতা অর্জ‌ন এবং জাতীয় পর্যা‌য়ে উচ্চশিক্ষা ও গবেষণা, বিশেষ করে বিভিন্ন ক্ষেত্রে আধুনিক জ্ঞানচর্চা‌র সুযোগ সৃষ্টি ও সম্প্রসারণের উদ্দেশ্য নিয়ে ২০২৩ সালে 'বঙ্গবন্ধু শেখ মুজিবুর রহমান বিশ্ববিদ্যালয়, নওগাঁ আইন-২০২৩' এবং পরবর্তী‌তে সংশোধিত হয়ে 'নওগাঁ বিশ্ববিদ্যালয়, নওগাঁ আইন-২০২৩' নামে সরকারি গেজেট প্রকাশিত হয়, যার ভিত্তিতে প্রতিষ্ঠিত হয় নওগাঁ বিশ্ববিদ্যালয়।",বাংলাদেশের কততম সরকারি বিশ্ববিদ্যালয় হিসেবে নওগাঁ বিশ্ববিদ্যালয় প্রতিষ্ঠিত হয়েছে?,নওগাঁ বিশ্ববিদ্যালয় বাংলাদেশের ৫৪তম সরকারি বিশ্ববিদ্যালয় হিসেবে প্রতিষ্ঠিত হয়েছে।,"[""নওগাঁ"", ""বিশ্ববিদ্যালয়"", ""বাংলাদেশের"", ""৫৪তম"", ""সরকারি"", ""বিশ্ববিদ্যালয়"", ""হিসেবে"", ""প্রতিষ্ঠিত"", ""হয়েছে"", ""।""]","[""Mominul"", ""Nazmul""]",105
GOV_0380,GOV_c90fc57e6b,Government Services,"রেজিস্ট্রার জেনারেলের কার্যালয়, জন্ম ও মৃত্যু নিবন্ধন স্থানীয় সরকার, পল্লী উন্নয়ন ও সমবায় মন্ত্রণালয়ের অধীনস্থ বাংলাদেশ সরকারের একটি নিয়ন্ত্রক সংস্থা যা বাংলাদেশে জন্ম ও মৃত্যুর নিবন্ধনের জন্য দায়িত্বপ্রাপ্ত।
২০০১ সালে বাংলাদেশ সরকার ইউনিসেফের সহায়তায় জন্ম ও মৃত্যু নিবন্ধন প্রকল্প শুরু করে। প্রকল্পটি স্থানীয় সরকার বিভাগের অধীনে রাখা হয়েছিল। এইসময় জন্ম ও মৃত্যু নিবন্ধন আইন ১৮৭৩ এবং জন্ম, মৃত্যু ও বিবাহ নিবন্ধন আইন ১৮৮৬ বাতিল করা হয়, ২০০৪ সালে একটি নতুন জন্ম ও মৃত্যু নিবন্ধন আইন পাস হয়। আইনটি স্থানীয় সরকারি সংস্থা এবং বিদেশে বাংলাদেশ দূতাবাসগুলিকে জন্ম ও মৃত্যু নিবন্ধনের অনুমতি দেয়। জন্ম ও মৃত্যুর রেকর্ডের একটি স্থায়ী কেন্দ্রীয় ডাটাবেস স্থাপনের জন্য ২০১৩ সালের সেপ্টেম্বর মাসে রেজিস্ট্রার জেনারেলের কার্যালয়, জন্ম ও মৃত্যু নিবন্ধন প্রতিষ্ঠিত হয়েছিল।",কত সালে জন্ম ও মৃত্যু নিবন্ধন প্রকল্প শুরু হয়েছিল?,বাংলাদেশ সরকার ইউনিসেফের সহায়তায় জন্ম ও মৃত্যু নিবন্ধন প্রকল্প শুরু করেছিল।,"[""বাংলাদেশ"", ""সরকার"", ""ইউনিসেফের"", ""সহায়তায়"", ""জন্ম"", ""ও"", ""মৃত্যু"", ""নিবন্ধন"", ""প্রকল্প"", ""শুরু"", ""করেছিল"", ""।""]","[""Mominul"", ""Fahim""]",106
EDU_0173,EDU_e47b0c4f59,Education,"১৯১২ সালের ১ এপ্রিল আসামের তদানীন্তন চিফ কমিশনার স্যার আর্চডেল আর্ল কলেজটিকে সরকারের পূর্ণ নিয়ন্ত্রণে গ্রহণের ঘোষণা দেন। তখন কলেজে ৯৮ জন ছাত্র ও ৬ জন শিক্ষক কর্মরত ছিলেন। গোবিন্দচরণ পার্কে (বর্তমান হাসান মার্কেট) কলেজের জন্য পৃথক ভবন নির্মাণ করা হয়। সাধারণ জনগণ ও খান বাহাদুর সৈয়দ আব্দুল মজিদ (কাপ্তান মিয়া)-র নেতৃত্বে অর্থসংগ্রহের মাধ্যমে ১৯১৬ সালের জুলাই মাসে বি.এ (ডিগ্রি) কোর্স চালু হয়, ফলে কলেজটি প্রথম শ্রেণির কলেজে উন্নীত হয়। ১৯১৭ সালে প্রথম ব্যাচের শিক্ষার্থীরা বি.এ পরীক্ষায় অংশগ্রহণ করে। ১৯১৮ সালে সংস্কৃত বিষয়ে প্রথম অনার্স কোর্স চালু হয়।",কোন ব্যক্তির নেতৃত্বে অর্থসংগ্রহের মাধ্যমে কলেজে বি.এ ডিগ্রি কোর্স চালু করা হয়েছিল?,সাধারণ জনগণের নেতৃত্বে অর্থসংগ্রহের মাধ্যমে বি.এ কোর্স চালু করা হয়েছিল।,"[""সাধারণ"", ""জনগণের"", ""নেতৃত্বে"", ""অর্থসংগ্রহের"", ""মাধ্যমে"", ""বি"", ""."", ""এ"", ""কোর্স"", ""চালু"", ""করা"", ""হয়েছিল"", ""।""]","[""Nazmul"", ""Fahim""]",107
GOV_0224,GOV_f55416e375,Government Services,"সড়ক পরিবহন ও মহাসড়ক বিভাগ বাংলাদেশ সরকারের সড়ক পরিবহন ও সেতু মন্ত্রণালয়ের অধীনস্থ একটি বিভাগ, যা টেকসই মহাসড়ক ও নিরাপদ সড়ক পরিবহন নিশ্চিতকরণ নিয়ে কাজ করে। বর্তমানে ড. মোহাম্মদ জিয়াউল হক এই বিভাগের সচিব হিসেবে দায়িত্ব পালন করছেন।
২০১৫ সালে সড়ক পরিবহন ও মহাসড়ক বিভাগ জাপান সরকারের সাথে তিনটি সেতু এবং একটি ফ্লাইওভার নির্মাণের জন্য ৮৮ বিলিয়ন টাকা মূল্যের একটি চুক্তি স্বাক্ষর করে। বিভাগটি ২০১৭ সালে সড়ক পরিবহন আইনের খসড়া তৈরি করেছিল যা পরবর্তীকালে বাংলাদেশের মন্ত্রিসভা কর্তৃক অনুমোদিত হয়।",সড়ক পরিবহন ও মহাসড়ক বিভাগ কোন মন্ত্রণালয়ের অধীনস্থ?,সড়ক পরিবহন ও মহাসড়ক বিভাগ একটি বিভাগ।,"[""সড়ক"", ""পরিবহন"", ""ও"", ""মহাসড়ক"", ""বিভাগ"", ""একটি"", ""বিভাগ"", ""।""]","[""Mehrin"", ""Mominul""]",108
SCI_0078,SCI_9941863648,Science & Technology,"প্রথম সফল কাক্ষিক উৎক্ষেপণ ১৯৫৭ সালের ৪ অক্টোবরে সোভিয়েত ইউনিয়নের স্পুৎনিক ১(“উপগ্রহ-১”) কৃত্রিম উপগ্রহ ছিল। উপগ্রহটির ওজন প্রায় ৪৩ কেজি(১৮৩ পাউন্ড)এবং প্রায় ২৫০ কিমি.(১৬০ মাইল) উপর থেকে পৃথিবীকে আবর্তন করেছে বলে বিশ্বাস করা হয়। এটির দুইটি রেডিও প্রেরক (২০-৪০Mhz) ছিল যা ‘বীপ’ শব্দ নির্গত করত এবং পৃথিবীর চারপাশের রেডিও দ্বারা সেটা শুনা যেত। রেডিও সংকেত বিশ্লেষণ করে আযোনোস্ফিয়ার ইলেক্ট্রনের ঘনত্বের তথ্য সংগ্রহে ব্যবহার করা হতো। তাপমাত্রা ও চাপের তথ্য রেডিও বীপগুলর মধ্যে সংরক্ষিত ছিল। ফলাফল ইঙ্গিত করে, স্পুৎনিক ১ কোনো গ্রহাণু দ্বারা নষ্ট হয়নি। স্পুৎনিক ১ আর-৭ রকেট দ্বারা লঞ্চ করা হয়েছিল। ১৯৫৭ সালের ৩ জানুয়ারীতে পুনঃপ্রবেশের সময় এটি পুড়ে যায়",স্পুৎনিক ১ কৃত্রিম উপগ্রহটির ওজন এবং এটি উৎক্ষেপণের জন্য কোন রকেট ব্যবহার করা হয়েছিল?,স্পুৎনিক ১ কৃত্রিম উপগ্রহটির ওজন ছিল প্রায় ৫৩ কেজি (১৮৩ পাউন্ড) এবং এটি আর-৭ রকেটের মাধ্যমে লঞ্চ করা হয়েছিল।,"[""স্পুৎনিক"", ""১"", ""কৃত্রিম"", ""উপগ্রহটির"", ""ওজন"", ""ছিল"", ""প্রায়"", ""৫৩"", ""কেজি"", ""("", ""১৮৩"", ""পাউন্ড"", "")"", ""এবং"", ""এটি"", ""আর"", ""-"", ""৭"", ""রকেটের"", ""মাধ্যমে"", ""লঞ্চ"", ""করা"", ""হয়েছিল"", ""।""]","[""Mehrin"", ""Nazmul""]",109
BDA_0353,BDA_e27f02049a,Bangladesh Affairs,"বাংলাদেশের সংরক্ষিত বনাঞ্চলের মধ্যে রয়েছে বন্যপ্রানীর অভয়ারণ্য, জাতীয় উদ্যান, এবং গেম রিজার্ভ । দেশের মোট বন এলাকার ১০.৭% সংরক্ষিত বনাঞ্চল । বর্তমানে বাংলাদেশে যেসব সংরক্ষিত এলাকা রয়েছে তা হলো:
নিম্নে বাংলাদেশের সংরক্ষিত বনাঞ্চলের তালিকা দেয়া হল:
সিলেট, ঢাকা (আংশিক) ও চট্টগ্রাম বিভাগের আওতায় শকুনের নিরাপদ এলাকা",শকুনের নিরাপদ এলাকাটি কোন কোন বিভাগের আওতাধীন অঞ্চলে অবস্থিত?,"শকুনের নিরাপদ এলাকাটি সিলেট, ঢাকা (আংশিক) ও চট্টগ্রাম বিভাগের আওতার মধ্যে রয়েছে।","[""শকুনের"", ""নিরাপদ"", ""এলাকাটি"", ""সিলেট"", "","", ""ঢাকা"", ""("", ""আংশিক"", "")"", ""ও"", ""চট্টগ্রাম"", ""বিভাগের"", ""আওতার"", ""মধ্যে"", ""রয়েছে"", ""।""]","[""Mehrin"", ""Fahim""]",110
UNI_0179,UNI_c42f2f4de8,Universities,"উচ্চতর বিজ্ঞান গবেষণা কেন্দ্র হলো বাংলাদেশ সরকারের বিজ্ঞান ও প্রযুক্তি মন্ত্রণালয়ের নিজস্ব তহবিল এবং ঢাকা বিশ্ববিদ্যালয়ের উন্নয়ন প্রকল্পের অধীনে পরিচালিত বিশ্ববিদ্যালয় গবেষণা কেন্দ্র। এটি ১৯৯৭ সালে সেন্টার অফ এক্সেলেন্স নামে যাত্রা শুরু। এটি বিশ্ববিদ্যালয়ের মেআকার্ম ভবন প্রাঙ্গনে অবস্থিত।
এর মূল লক্ষ্য হল দেশে স্নাতোকত্তর পর্যায়ে গবেষণার ক্ষেত্র ও দক্ষ মানবসম্পদ তৈরি করার পাশাপাশি আন্তর্জাতিক ক্ষেত্রের সঙ্গে দেশীয় গবেষণাকে সংযুক্ত করা। সেন্টারের নিজস্ব বিজ্ঞানী ছাড়াও বিশ্ববিদ্যালয়ের শিক্ষক, ভিসিটর বিজ্ঞানী সহ এমফিল, পি এইচ ডি ও পোস্ট ‌গ্র্যাজুয়েট পর্যায়ের শিক্ষার্থীরাও গবেষণার সুযোগ পাবে । মূলত পদার্থ , রসায়ন , জীববিজ্ঞান, ফার্মাসিউটিকালস এবং কম্পিউটার সফটওয়্যার উন্নয়ন ও প্রয়োগের উপর গবেষণা চালানো হয়। এই গবেষণা কার্যক্রম পরিচালনার জন্য পাঁচটি গবেষণাগার রয়েছে যেগুলো লেজার স্পেকট্রোসকপি, জিন গবেষণা ও ডি এন এ সিকোয়েন্সিং, উন্নত কম্পিউটার সফটওয়্যার তৈরি, মনোবিজ্ঞান ও বিশ্লেষণাত্মক রসায়ন এর জন্য নির্ধারিত। এছাড়া গবেষণাকার্যে ব্যবহৃত সাধারণ রিএজেন্ট ও নমুনা প্রস্তুতির জন্য একটি পৃথক গবেষণাগার স্থাপন করা হয়েছে। এই কেন্দ্রর গবেষণাগারগুলি সম্পূর্ণভাবে বর্তমান বিশ্বের যন্ত্রপাতি দিয়ে সাজানো হয়েছে। পরিষ্কার পরিচ্ছন্নতা ও আধুনিকতা একে বাংলাদেশের অন্যতম আর্ন্তজাতিকমানের এবং প্রথম সারির গবেষণা প্রতিষ্ঠানে পরিণত করেছে।",উচ্চতর বিজ্ঞান গবেষণা কেন্দ্র কত সালে যাত্রা শুরু করেছিল?,উচ্চতর বিজ্ঞান গবেষণা কেন্দ্র ১৯৯৫ সালে সেন্টার অফ এক্সেলেন্স নামে যাত্রা শুরু করেছিল।,"[""উচ্চতর"", ""বিজ্ঞান"", ""গবেষণা"", ""কেন্দ্র"", ""১৯৯৫"", ""সালে"", ""সেন্টার"", ""অফ"", ""এক্সেলেন্স"", ""নামে"", ""যাত্রা"", ""শুরু"", ""করেছিল"", ""।""]","[""Mominul"", ""Nazmul""]",111
HLT_0122,HLT_fb5a02c680,Healthcare,"একজন মা গর্ভ ধারণ করলে তিনি এসএমএস-এর মাধ্যমে প্রসুতি পরামর্শ নিতে পারেন। এ জন্য তাকে এ সেবার জন্য রেজিস্ট্রেশন করতে হবে।রেজিস্ট্রেশন করা সহজ।
রেজিস্ট্রেশন করার জন্য মোবাইল ফোনের মেসেজ অপশনে যান।
লিখতে হবে এভাবে 04072012 (অর্থাৎ ০৪ জুলাই ২০১২ - প্রথমে তারিখ; এরপর মাস; এরপর বছর)।
মোবাইল নম্বর হলো, আপনি যে মোবাইল নম্বরে পরামর্শ পেতে চান। নাম হলো প্রসুতি মায়ের নাম।",গর্ভ ধারণকারী মায়েরা কীভাবে এসএমএস-এর মাধ্যমে প্রসুতি পরামর্শ পাওয়ার সেবা পেতে পারেন?,গর্ভ ধারণকারী মায়েরা এসএমএস-এর মাধ্যমে প্রসুতি পরামর্শ পাওয়ার জন্য সহজেই ০৪ জুলাই ২০১২ রেজিস্ট্রেশন করে এই সেবা গ্রহণ করতে পারেন।,"[""গর্ভ"", ""ধারণকারী"", ""মায়েরা"", ""এসএমএস"", ""-"", ""এর"", ""মাধ্যমে"", ""প্রসুতি"", ""পরামর্শ"", ""পাওয়ার"", ""জন্য"", ""সহজেই"", ""০৪"", ""জুলাই"", ""২০১২"", ""রেজিস্ট্রেশন"", ""করে"", ""এই"", ""সেবা"", ""গ্রহণ"", ""করতে"", ""পারেন"", ""।""]","[""Mominul"", ""Fahim""]",112
BDA_0447,BDA_8af5dcf173,Bangladesh Affairs,"একজন নতুন বিনিয়োগকারীকে নির্দিষ্ট কিছু নিয়ম অনুসরণ করে ব্যবসা শুরু করতে হয়। প্রথমে রেজিস্ট্রার অব জয়েন্ট স্টক কোম্পানিস এন্ড ফার্মস- এ নতুন কোম্পানি নিবন্ধন করাতে হয়। নিবন্ধন অফিসটির ঠিকানা টিসিবি ভবন (৭ম তলা), ১, কাওরান বাজার, ঢাকা। কোম্পানি আইন ও অন্যান্য বিধি অনুসারে এটি কোম্পানি, সমিতি ও অংশীদারি প্রতিষ্ঠানের রেজিস্ট্রেশন দিয়ে থাকে। প্রাইভেট লিমিটেড কোম্পানি ও পাবলিক লিমিটেড কোম্পানির জন্য পৃথক নিয়ম রয়েছে। আবেদনকারীকে সিটি কর্পোরেশন/ পৌরসভার কাছ থেকে ট্রেড লাইসেন্সও সংগ্রহ করতে হয়। ব্যবসার ধরন বুঝে বি.এস.টি.আই. বা অন্যান্য সংস্থা থেকেও সনদের প্রয়োজন হতে পারে।",রেজিস্ট্রার অব জয়েন্ট স্টক কোম্পানিস এন্ড ফার্মস কোন ধরনের প্রতিষ্ঠানগুলোর রেজিস্ট্রেশন প্রদান করে থাকে?,"এই সংস্থাটি কোম্পানি আইন ও অন্যান্য বিধি অনুযায়ী কোম্পানি, সমিতি এবং অংশীদারি প্রতিষ্ঠানের রেজিস্ট্রেশন দিয়ে থাকে যা অনলাইনেও নবায়ন করা সম্ভব।","[""এই"", ""সংস্থাটি"", ""কোম্পানি"", ""আইন"", ""ও"", ""অন্যান্য"", ""বিধি"", ""অনুযায়ী"", ""কোম্পানি"", "","", ""সমিতি"", ""এবং"", ""অংশীদারি"", ""প্রতিষ্ঠানের"", ""রেজিস্ট্রেশন"", ""দিয়ে"", ""থাকে"", ""যা"", ""অনলাইনেও"", ""নবায়ন"", ""করা"", ""সম্ভব"", ""।""]","[""Nazmul"", ""Fahim""]",113
AGR_0104,AGR_26c9c5d69f,Agriculture,"ভারতের বেনারসে এর উদ্ভব হয়েছে। বাংলাদেশে সব জেলাতেই এই আম জন্মে। চাঁপাইনবাবগঞ্জ, রাজশাহী, নওগাঁ ও নাটোর এলাকায় বেশি জন্মে। সাতক্ষীরার ল্যাংড়া আম স্বাদে, মানে উন্নত।
মোঘল আমলে ভারতের বিহার রাজ্যের দ্বারভাঙায় এই আম চাষ শুরু হয়। আঠারো শতকে এক ফকির সুস্বাদু এই আমের চাষ করেন। এই খোড়া ফকিরের নামে আমটির নামকরণ হয়েছে। ফকিরের আস্তানা থেকে এই জাতটি প্রথম সংগৃহীত হয়েছিল। খোড়া ফকির যেখানে বাস করতেন তার আশেপাশে শত শত আমের গাছ ছিল। তারই একটি থেকে ল্যাংড়া নামের অতি উৎকৃষ্ট জাতটি বেরিয়ে এসেছে। সেই ফকিরের পায়ে একটু সমস্যা ছিল। সেই থেকে এই আমের নাম হয়ে যায় ‘ল্যাংড়া’।",কোন অঞ্চলে উৎপাদিত ল্যাংড়া আম স্বাদ ও মানে উন্নত বলে পরিচিত?,সাতক্ষীরার উৎপাদিত ল্যাংড়া আম স্বাদ ও মানে উন্নত এবং এটি রপ্তানির মাধ্যমে প্রচুর বৈদেশিক মুদ্রা অর্জিত হয়।,"[""সাতক্ষীরার"", ""উৎপাদিত"", ""ল্যাংড়া"", ""আম"", ""স্বাদ"", ""ও"", ""মানে"", ""উন্নত"", ""এবং"", ""এটি"", ""রপ্তানির"", ""মাধ্যমে"", ""প্রচুর"", ""বৈদেশিক"", ""মুদ্রা"", ""অর্জিত"", ""হয়"", ""।""]","[""Mehrin"", ""Mominul""]",114
GOV_0217,GOV_da012efa85,Government Services,"ফ্যামিলি কার্ড হলো বাংলাদেশ সরকারের সমাজকল্যাণ মন্ত্রণালয় কর্তৃক প্রবর্তিত একটি ডিজিটাল সামাজিক নিরাপত্তা কর্মসূচি, যার লক্ষ্য দেশের দরিদ্র ও নিম্ন-আয়ের পরিবারগুলোকে একটি একক ডাটাবেজের আওতায় এনে সরাসরি আর্থিক ও খাদ্য সহায়তা প্রদান করা। ২০২৬ সালের ১০ মার্চ প্রধানমন্ত্রী তারেক রহমান ঢাকার কড়াইল বস্তি সংলগ্ন টিঅ্যান্ডটি মাঠে আনুষ্ঠানিকভাবে এই কর্মসূচির উদ্বোধন করেন। এই উদ্যোগটি মূলত বাংলাদেশ জাতীয়তাবাদী দলের (বিএনপি) নির্বাচনী ইশতেহারের একটি অন্যতম প্রধান অঙ্গীকার ছিল।",কোন মন্ত্রণালয় ফ্যামিলি কার্ড নামক ডিজিটাল সামাজিক নিরাপত্তা কর্মসূচিটি প্রবর্তন করেছে?,বাংলাদেশ সরকারের সমাজকল্যাণ মন্ত্রণালয় ফ্যামিলি কার্ড নামক ডিজিটাল সামাজিক নিরাপত্তা কর্মসূচি প্রবর্তন করেছে।,"[""বাংলাদেশ"", ""সরকারের"", ""সমাজকল্যাণ"", ""মন্ত্রণালয়"", ""ফ্যামিলি"", ""কার্ড"", ""নামক"", ""ডিজিটাল"", ""সামাজিক"", ""নিরাপত্তা"", ""কর্মসূচি"", ""প্রবর্তন"", ""করেছে"", ""।""]","[""Mehrin"", ""Nazmul""]",115
BDA_0295,BDA_ca4b4fb55b,Bangladesh Affairs,বাংলাদেশে বহু ব্যবসায়িক সংগঠন রয়েছে। ব্যবসায় ও শিল্প ক্ষেত্রে বেসরকারী খাতে স্বার্থ রক্ষার্থে ফেডারেশন অব বাংলাদেশ চেম্বার অব কমার্স এন্ড ইন্ডাস্ট্রিজ শীর্ষ পর্যায়ের সংগঠন হিসেবে প্রতিনিধিত্ব করে। বাংলাদেশ গারমেন্টস ম্যানুফ্যাকচারারস এন্ড এক্সপোর্টারস এসোসিয়েশন (বিজিএমইএ) পোশাক রপ্তানী খাতের শীর্ষ ব্যবসায়িক সংগঠন। ৪৪৯০ টি পোশাক প্রস্তুতকারক কারখানা এই ব্যবসায়িক সংগঠনের সদস্য।,পোশাক রপ্তানি খাতের প্রধান ব্যবসায়িক সংগঠনের নাম কী?,বাংলাদেশ গারমেন্টস ম্যানুফ্যাকচারারস এন্ড এক্সপোর্টারস এসোসিয়েশন বা বিজিএমইএ হলো পোশাক রপ্তানি খাতের শীর্ষস্থানীয় ব্যবসায়িক সংগঠন।,"[""বাংলাদেশ"", ""গারমেন্টস"", ""ম্যানুফ্যাকচারারস"", ""এন্ড"", ""এক্সপোর্টারস"", ""এসোসিয়েশন"", ""বা"", ""বিজিএমইএ"", ""হলো"", ""পোশাক"", ""রপ্তানি"", ""খাতের"", ""শীর্ষস্থানীয়"", ""ব্যবসায়িক"", ""সংগঠন"", ""।""]","[""Mehrin"", ""Fahim""]",116
GOV_0183,GOV_1f35da26cf,Government Services,"মোল্লাপুর ইউনিয়ন বাংলাদেশের সিলেট জেলার অন্তর্গত বিয়ানীবাজার উপজেলার একটি ঐতিহ্যবাহী ও বৃহত্তম ইউনিয়ন।
বিয়ানীবাজার উপজেলা সদর থেকে ইউনিয়ন পরিষদের দুরত্ব -২.০০ কি.মি.।
লাসাইতলা, মাটিকাটা, নিদনপুর, জলঢুপ পাতন, পাতন উছপাড়া, লামাপাতন, লাল বাউরবাগ, কটুখালীরপার, পাতন বড়পাড়া, আলীপুর, মোল্লাপুর, আব্দুল্লাপুর, চন্দগ্রাম (একাংশ), আষ্ট্রসাঙ্গন, বারইগ্রাম, বাউরভাগ (একংশ), পাতন, কাছাটুল, জলঢুপ মোল্লাপুর।",মোল্লাপুর ইউনিয়ন বাংলাদেশের কোন জেলায় এবং কোন উপজেলার অধীন অবস্থিত?,মোল্লাপুর ইউনিয়ন বাংলাদেশের সিলেট জেলার বিয়ানীবাজার উপজেলার অধীন অবস্থিত।,"[""মোল্লাপুর"", ""ইউনিয়ন"", ""বাংলাদেশের"", ""সিলেট"", ""জেলার"", ""বিয়ানীবাজার"", ""উপজেলার"", ""অধীন"", ""অবস্থিত"", ""।""]","[""Mominul"", ""Nazmul""]",117
AGR_0335,AGR_d289900801,Agriculture,"প্রত্নতাত্ত্বিক গবেষণায় দেখা গেছে যে সাধারণ কার্পগুলি সম্ভবত ভাত-মাছ পদ্ধতিতে ব্যবহৃত প্রথম মাছগুলির মধ্যে একটি ছিল। ২২০ থেকে ২৬৫ খ্রিস্টাব্দের ওয়েই রাজবংশের রেকর্ডে উল্লেখ করা হয়েছে ""হলুদ আঁশ এবং একটি লাল লেজ সহ একটি ছোট মাছ, যা সিচুয়ান প্রদেশের চেংডুর উত্তর-পূর্বে পাই কাউন্টির ধান ক্ষেতে জন্মায়, সস তৈরির জন্য ব্যবহার করা যেতে পারে""। ৯০০ খ্রিস্টাব্দে তাং রাজবংশের সময় লেখা পাঠ্য সহ লিউ জুন সিস্টেমের প্রথম বর্ণনা লিখেছিলেন। ধান-মাছ পদ্ধতি চীনের পুকুর সংস্কৃতি থেকে উদ্ভূত হতে পারে, একটি তত্ত্ব বলে যে অনুশীলন শুরু হয়েছিল যখন কৃষকরা তাদের পুকুরে অতিরিক্ত ভাজা রাখার সিদ্ধান্ত নেয়। পুকুরের পরিবর্তে ধানের ক্ষেতে রাখা হলে মাছের উন্নত বৃদ্ধি পর্যবেক্ষণ করার পর, কৃষকরা তাদের ধান ক্ষেতে মাছ লালন-পালনের অভ্যাস গড়ে তোলে, যা পরবর্তীতে ধান-মাছ পদ্ধতির দিকে নিয়ে যায়।",কোন প্রদেশের পাই কাউন্টির ধান ক্ষেতে হলুদ আঁশ এবং লাল লেজযুক্ত মাছ জন্মাত?,সিচুয়ান প্রদেশের চেংডুর উত্তর-পূর্বে পাই কাউন্টির ধান ক্ষেতে হলুদ আঁশ এবং লাল লেজযুক্ত মাছ জন্মাত।,"[""সিচুয়ান"", ""প্রদেশের"", ""চেংডুর"", ""উত্তর"", ""-"", ""পূর্বে"", ""পাই"", ""কাউন্টির"", ""ধান"", ""ক্ষেতে"", ""হলুদ"", ""আঁশ"", ""এবং"", ""লাল"", ""লেজযুক্ত"", ""মাছ"", ""জন্মাত"", ""।""]","[""Mominul"", ""Fahim""]",118
BDA_0252,BDA_d90acc6799,Bangladesh Affairs,"৫ জানুয়ারি রোববার বাংলাদেশ সময় সকাল ৮টা থেকে বিকেল ৪টা পর্যন্ত বাকী ১৪৭টি আসনে ভোট গ্রহণ অনুষ্ঠিত হয়। উল্লেখ্য ১৫৪ আসনে বিনা প্রতিদ্বন্দ্বিতায় বিজয়ী হওয়ার ফলে এবারের নির্বাচনে সারা দেশের মোট ৯,১৯,৬৫,৯৭৭ ভোটারের মধ্যে ভোট দেওয়ার সুযোগ পান ৪,৩৯,৩৮,৯৩৮ জন।
৩০শে জুন ২০১১ সালে তত্বাবধায়ক সরকারব্যবস্থা বাতিল করে জাতীয় সংসদে সংবিধানের পঞ্চদশ সংশোধনী বিল পাশ হয়। প্রধান বিরোধী দল বিএনপি ও তার শরিক জোটগুলো এর পর থেকেই নির্বাচনকালীন নির্দলীয় সরকারব্যবস্থা পুনরায় চালু করার জন্য সরকারের বিরুদ্ধে আন্দোলন শুরু করে। সরকারী দল আওয়ামী লিগ ও বাংলাদেশের বর্তমান প্রধানমন্ত্রী শেখ হাসিনা বর্তমান সরকারের অধীনেই নির্বাচনের ঘোষণা দেন এবং তখনই বিরোধী দলীয় প্রধান খালেদা জিয়া বর্তমান সরকারের অধীনে নির্বাচনে অংশগ্রহণ করবেন না বলে ঘোষণা দেন।",২০১৪ সালের নির্বাচনে কতটি আসনে বিনা প্রতিদ্বন্দ্বিতায় প্রার্থীরা জয়ী হয়েছিলেন?,প্রদত্ত নির্বাচনটিতে মোট ১৫৪টি আসনে প্রার্থীরা বিনা প্রতিদ্বন্দ্বিতায় বিজয়ী হয়েছিলেন এবং এর ফলে নির্বাচন কমিশনের ওপর অতিরিক্ত আর্থিক চাপ সৃষ্টি হয়েছিল।,"[""প্রদত্ত"", ""নির্বাচনটিতে"", ""মোট"", ""১৫৪টি"", ""আসনে"", ""প্রার্থীরা"", ""বিনা"", ""প্রতিদ্বন্দ্বিতায়"", ""বিজয়ী"", ""হয়েছিলেন"", ""এবং"", ""এর"", ""ফলে"", ""নির্বাচন"", ""কমিশনের"", ""ওপর"", ""অতিরিক্ত"", ""আর্থিক"", ""চাপ"", ""সৃষ্টি"", ""হয়েছিল"", ""।""]","[""Nazmul"", ""Fahim""]",119
SCI_0141,SCI_727b1d6894,Science & Technology,২০১০ সালের ২৭ ডিসেম্বর যশোর বিজ্ঞান ও প্রযুক্তি বিশ্ববিদ্যালয় ক্যাম্পাস উদ্বোধনের সময় সাবেক প্রধানমন্ত্রী শেখ হাসিনা যশোরে আন্তর্জাতিক মানের একটি আইটি পার্ক স্থাপনের ঘোষণা দেন। দীর্ঘদিন পরীক্ষা-নিরীক্ষা ও যাচাই-বাছাইয়ের পর ২০১৪ সালের ২৫ এপ্রিল যশোর শহরের বেজপাড়ার নাজির সংকরপুর এলাকায় এ প্রকল্পের কাজ শুরু করা হয়।,যশোর শহরের ঠিক কোন এলাকায় আইটি পার্ক প্রকল্পের কাজ শুরু করা হয়েছিল?,"যশোর শহরের বেজপাড়ার নাজির সংকরপুর এলাকায় আন্তর্জাতিক মানের আইটি পার্ক প্রকল্পের কাজ শুরু করা হয়েছিল, যার মোট ব্যয় ধরা হয়েছিল পাঁচশ কোটি টাকা।","[""যশোর"", ""শহরের"", ""বেজপাড়ার"", ""নাজির"", ""সংকরপুর"", ""এলাকায়"", ""আন্তর্জাতিক"", ""মানের"", ""আইটি"", ""পার্ক"", ""প্রকল্পের"", ""কাজ"", ""শুরু"", ""করা"", ""হয়েছিল"", "","", ""যার"", ""মোট"", ""ব্যয়"", ""ধরা"", ""হয়েছিল"", ""পাঁচশ"", ""কোটি"", ""টাকা"", ""।""]","[""Mehrin"", ""Mominul""]",120
UNI_0462,UNI_0c6d132742,Universities,"এই দুর্ঘটনায় শোক প্রকাশ করেন তৎকালীন রাষ্ট্রপতি, বিভিন্ন রাজনৈতিক নেতাসহ বিদেশি কূটনীতিকরা শোক জানান। ৩ দিন জাতীয় শোক ঘোষণা করে জাতীয় পতাকা অর্ধনমিত রেখে ১৬ অক্টোবর সারাদেশে শিক্ষাপ্রতিষ্ঠান বন্ধ ঘোষণা করা হয়। এ ঘটনার পর থেকেই দিনটি ঢাকা বিশ্ববিদ্যালয়ের শোক দিবস হিসেবে পালিত হয়ে আসছে।
এই ঘটনায় নিহতদের স্মৃতি রক্ষার্থে পরবর্তী সময়ে সেখানে নির্মিত হয় ‘অক্টোবর স্মৃতি ভবন’। তাদের স্মরণে অক্টোবর ভবনের নিচতলায় একটি ছোট জাদুঘর আছে। সেদিনের ব্যবহৃত টিভি রাখা আছে জাদুঘরে। মৃত্যুবরণ করা বেশ কয়েকজনের ছবিও আছে সেখানে। এ ছাড়া ভবনটির সামনে নিহতদের স্মরণে তাদের নাম সংবলিত 'স্মৃতি অক্টোবর' একটি নামফলক স্থাপন করা হয়েছে।",নিহতদের স্মরণে নির্মিত ভবনের নিচতলার জাদুঘরে কী কী সংরক্ষিত আছে?,নিহতদের স্মরণে নির্মিত অক্টোবর ভবনের নিচতলার ছোট জাদুঘরে সেদিনের ব্যবহৃত রেডিও এবং মৃত্যুবরণ করা বেশ কয়েকজনের ছবি রাখা আছে।,"[""নিহতদের"", ""স্মরণে"", ""নির্মিত"", ""অক্টোবর"", ""ভবনের"", ""নিচতলার"", ""ছোট"", ""জাদুঘরে"", ""সেদিনের"", ""ব্যবহৃত"", ""রেডিও"", ""এবং"", ""মৃত্যুবরণ"", ""করা"", ""বেশ"", ""কয়েকজনের"", ""ছবি"", ""রাখা"", ""আছে"", ""।""]","[""Mehrin"", ""Nazmul""]",121
HLT_0480,HLT_9912e65af6,Healthcare,"২০০৭ সালে সিদ্ধান্ত হয়, ডায়াবেটিস প্রতিরোধ অভিযান পরিচালনার থিমটি আরও দীর্ঘ সময় ধরে থাকবে। বিশ্ব ডায়াবেটিস দিবস ২০০৭-২০০৮ সালের থিম নির্ধারিত ছিল ‘শিশু ও তরুণদের মধ্যে ডায়াবেটিস’। ২০০৯ থেকে ২০১৩ সালের থিম নির্ধারিত হয়েছে, ‘ডায়াবেটিস শিক্ষা ও প্রতিরোধ’। ২০০৭-২০০৮ সালে এই অভিযানের মূল লক্ষ্য হলো-আরও বেশি শিশু ও তরুণকে এই পরিচর্যার আওতায় আনা। ডায়াবেটিসের জরুরি সংকেত সম্পর্কে সচেতনতা সৃষ্টি করা। এ রোগের একটি জটিলতা ‘ডায়াবেটিক কিটো এসিডোসিস’ হ্রাস করার উদ্যোগ উৎসাহিত করা। আর শিশুদের মধ্যে টাইপ-২ ডায়াবেটিস প্রতিরোধের জন্য স্বাস্থ্যকর জীবন যাপনকে আরও জনপ্রিয় করে তোলা। এ দিবসের নীল বৃত্তের ‘লোগো’টি ডায়াবেটিসকে পরাভূত করার জন্য বিশ্বব্যাপী লড়াইয়ের সূচক। লক্ষ্য হলোঃ পৃথিবীতে কোনো শিশুই যেন ডায়াবেটিসে মারা না যায়। ডায়াবেটিসের মতো ক্রনিক রোগ ব্যক্তি, পরিবার, দেশ, এমনকি সারা পৃথিবীর জন্য গুরুতর ঝুঁকি বহন করে-এমন সত্যটি জাতিসংঘ অনুধাবন করে ২০০৬ সালে একে জাতিসংঘ দিবস হিসেবে পালনের সিদ্ধান্ত নেয়। পৃথিবীতে ২৫০ মিলিয়ন লোক ডায়াবেটিস নিয়ে জীবন যাপন করছে।",জাতিসংঘ কত সালে ডায়াবেটিসকে জাতিসংঘ দিবস হিসেবে পালনের সিদ্ধান্ত নেয়?,ডায়াবেটিস ক্রনিক রোগ হিসেবে গুরুতর ঝুঁকি বহন করায় জাতিসংঘ ২০০৮ সালে এটিকে জাতিসংঘ দিবস হিসেবে পালনের সিদ্ধান্ত নেয়।,"[""ডায়াবেটিস"", ""ক্রনিক"", ""রোগ"", ""হিসেবে"", ""গুরুতর"", ""ঝুঁকি"", ""বহন"", ""করায়"", ""জাতিসংঘ"", ""২০০৮"", ""সালে"", ""এটিকে"", ""জাতিসংঘ"", ""দিবস"", ""হিসেবে"", ""পালনের"", ""সিদ্ধান্ত"", ""নেয়"", ""।""]","[""Mehrin"", ""Fahim""]",122
SCI_0192,SCI_bdbd7e3835,Science & Technology,"কর্মজীবনে অধ্যাপনার পাশাপাশি তিনি ডুয়েটের সিভিল ইঞ্জিনিয়ারিং অনুষদের ডিন, রসায়ন বিভাগের প্রধান, এফ. আর. খান হল এবং কে. এন. আই. হলের প্রাধ্যক্ষসহ বিভিন্ন গুরুত্বপূর্ণ দায়িত্ব পালন করেন।
নুরুল ইসলাম ২০২১ থেকে ২০২৩ সাল পর্যন্ত নারায়ণগঞ্জে অবস্থিত বেসরকারি বিশ্ববিদ্যালয়, ইউনিভার্সিটি অব স্কিল এনরিচমেন্ট অ্যান্ড টেকনোলজি (ইউসেট)-এর উপাচার্য হিসেবে দায়িত্ব পালন করেন।",ডুয়েটের সিভিল ইঞ্জিনিয়ারিং অনুষদের ডিন হিসেবে দায়িত্ব পালনের পাশাপাশি নুরুল ইসলাম আর কী কী গুরুত্বপূর্ণ দায়িত্বে ছিলেন?,তিনি রসায়ন বিভাগের প্রধান এবং এফ. আর. খান ও কে. এন. আই. হলের প্রাধ্যক্ষ হিসেবেও দায়িত্ব পালন করেছিলেন।,"[""তিনি"", ""রসায়ন"", ""বিভাগের"", ""প্রধান"", ""এবং"", ""এফ"", ""."", ""আর"", ""."", ""খান"", ""ও"", ""কে"", ""."", ""এন"", ""."", ""আই"", ""."", ""হলের"", ""প্রাধ্যক্ষ"", ""হিসেবেও"", ""দায়িত্ব"", ""পালন"", ""করেছিলেন"", ""।""]","[""Mominul"", ""Nazmul""]",123
HLT_0112,HLT_7110ab6175,Healthcare,ভাইরাসের বংশবৃদ্ধির প্রক্রিয়াকে রেপ্লিকেশন বলে। কোষঝিল্লিতে অবস্থিত CD155 রিসেপ্টর (পোলিও ভাইরাস রিসেপ্টর) এর সাথে মিথস্ক্রিয়ার মাধ্যমে কোষে প্রবেশ করে। এবং ক্যাপসিড প্রোটিন দূরীভূত হয়। পোলিও ভাইরাস পজিটিভ সেন্স RNA ভাইরাস হওয়ায় এর জিনোম mRNA হিসেবে কাজ করে এবং ট্রান্সলেশন প্রক্রিয়ার মাধ্যমে একটি দীর্ঘ পলিপেপটাইড তৈরি করে যাকে নন-ক্যাপসিড ভাইরাল প্রোটিন বলে।,ভাইরাসের বংশবৃদ্ধির প্রক্রিয়াকে কী বলা হয়?,ভাইরাসের বংশবৃদ্ধির প্রক্রিয়াকে রেপ্লিকেশন বলা হয়।,"[""ভাইরাসের"", ""বংশবৃদ্ধির"", ""প্রক্রিয়াকে"", ""রেপ্লিকেশন"", ""বলা"", ""হয়"", ""।""]","[""Mominul"", ""Fahim""]",124
SCI_0215,SCI_951b0390b2,Science & Technology,"মিশিগান বিশ্ববিদ্যালয়ে স্নাতক পর্যায়ে অধ্যয়নকালে হ্যাক এনভায়রনমেন্টাল রিসার্চ ইনস্টিটিউট অফ মিশিগানে (ইআরআইএম) প্রথমে গবেষণা সহকারী এবং পরবর্তীতে গবেষণা বিজ্ঞানী হিসেবে নিযুক্ত হন। ইআরআইএম তৎকালীন সময়ে বিশ্বের অন্যতম শীর্ষস্থানীয় দূর অনুধাবন সংস্থা ছিল। সেখানে হ্যাক বেশ কিছু গবেষণা প্রকল্পের সাথে যুক্ত ছিলেন। তার কর্মজীবনের সবচেয়ে প্রভাবশালী কাজগুলো ছিল উন্নয়নশীল দেশগুলোতে উপগ্রহ-ভিত্তিক দূর অনুধাবন প্রযুক্তি হস্তান্তর সংক্রান্ত। ইআরআইএম এর অন্যান্য বিজ্ঞানীদের সাথে হ্যাক পাকিস্তান, শ্রীলঙ্কা এবং বাংলাদেশে একাধিকবার তথ্য উপস্থাপনা ও মাঠ পর্যায়ের তথ্য সংগ্রহের জন্য ভ্রমণ করেন। তার উল্লেখযোগ্য প্রকল্পগুলোর মধ্যে একটি ছিল রিগ্রেশন বিশ্লেষণ পদ্ধতি ব্যবহার করে বাংলাদেশে শীতকালীন ধানের বিন্যাস মূল্যায়নে ল্যান্ডস্যাট উপগ্রহের চিত্র ব্যবহার করা। হ্যাকের পেশাগত লক্ষ্য ছিল শিক্ষকতায় যোগদান করা, তাই তিনি ১৯৭৮ সালে ইন্ডিয়ানার বল স্টেট ইউনিভার্সিটিতে ভূগোল বিভাগে শিক্ষক হিসেবে যোগ দিতে ইআরআইএম ত্যাগ করেন। ইন্ডিয়ানায় অধ্যাপনার পাশাপাশি তিনি সোয়াজিল্যান্ড এবং কেনিয়ায় দূর অনুধাবনের প্রযুক্তি হস্তান্তরের ওপর ইউএসএআইডির কর্মশালায় প্রশিক্ষক হিসেবে কাজ করেন।",মিশিগান বিশ্ববিদ্যালয়ে অধ্যয়নের সময় হ্যাক কোন গবেষণা প্রতিষ্ঠানে কাজ করেছিলেন?,হ্যাক মিশিগান বিশ্ববিদ্যালয়ে স্নাতক পর্যায়ে পড়ার সময় এনভায়রনমেন্টাল রিসার্চ ইনস্টিটিউট অফ মিশিগানে (ইআরআইএম) প্রথমে গবেষণা সহকারী এবং পরে গবেষণা বিজ্ঞানী হিসেবে কাজ করেছিলেন।,"[""হ্যাক"", ""মিশিগান"", ""বিশ্ববিদ্যালয়ে"", ""স্নাতক"", ""পর্যায়ে"", ""পড়ার"", ""সময়"", ""এনভায়রনমেন্টাল"", ""রিসার্চ"", ""ইনস্টিটিউট"", ""অফ"", ""মিশিগানে"", ""("", ""ইআরআইএম"", "")"", ""প্রথমে"", ""গবেষণা"", ""সহকারী"", ""এবং"", ""পরে"", ""গবেষণা"", ""বিজ্ঞানী"", ""হিসেবে"", ""কাজ"", ""করেছিলেন"", ""।""]","[""Nazmul"", ""Fahim""]",125
BDA_0335,BDA_ca4b4fb55b,Bangladesh Affairs,বাংলাদেশে বহু ব্যবসায়িক সংগঠন রয়েছে। ব্যবসায় ও শিল্প ক্ষেত্রে বেসরকারী খাতে স্বার্থ রক্ষার্থে ফেডারেশন অব বাংলাদেশ চেম্বার অব কমার্স এন্ড ইন্ডাস্ট্রিজ শীর্ষ পর্যায়ের সংগঠন হিসেবে প্রতিনিধিত্ব করে। বাংলাদেশ গারমেন্টস ম্যানুফ্যাকচারারস এন্ড এক্সপোর্টারস এসোসিয়েশন (বিজিএমইএ) পোশাক রপ্তানী খাতের শীর্ষ ব্যবসায়িক সংগঠন। ৪৪৯০ টি পোশাক প্রস্তুতকারক কারখানা এই ব্যবসায়িক সংগঠনের সদস্য।,বিজিএমইএ-এর সদস্য হিসেবে কতটি পোশাক প্রস্তুতকারক কারখানা রয়েছে?,বিজিএমইএ ব্যবসায়িক সংগঠনের সদস্য হিসেবে মোট ৩৫৯০ টি পোশাক প্রস্তুতকারক কারখানা রয়েছে।,"[""বিজিএমইএ"", ""ব্যবসায়িক"", ""সংগঠনের"", ""সদস্য"", ""হিসেবে"", ""মোট"", ""৩৫৯০"", ""টি"", ""পোশাক"", ""প্রস্তুতকারক"", ""কারখানা"", ""রয়েছে"", ""।""]","[""Mehrin"", ""Mominul""]",126
EDU_0021,EDU_c25ea40362,Education,"কারণ তিনি উপলদ্ধি করেন যে শিক্ষাই সকল উন্নতি ও উৎকর্ষ সাধনের মূল চাবিকাঠি।
তৎকালীন ব্রিটিশ ভারতের মালদহ জেলার বিশিষ্ট শিক্ষাবিদ, বিশিষ্ট সমাজ সেবক ও প্রতিস্থাপক ইদ্রিশ আহমেদ মিঞা তাঁর নিজ গ্রাম দাদনচকে বিশ শতকের প্রথম দিকেই প্রতিষ্ঠা করেন প্রাথমিক ও মাধ্যমিক স্তরের শিক্ষা ব্যবস্থা।
এছাড়া তিনি একটি উচ্চ শিক্ষা প্রতিষ্ঠার মানসে তাঁর সংগ্রাম অব্যাহত রাখেন।",দাদনচক গ্রামে প্রাথমিক ও মাধ্যমিক শিক্ষা ব্যবস্থা কে প্রতিষ্ঠা করেছিলেন?,উনিশ শতকের প্রথম দিকে দাদনচক গ্রামে প্রাথমিক ও মাধ্যমিক শিক্ষা ব্যবস্থা প্রতিষ্ঠা করেছিলেন বিশিষ্ট শিক্ষাবিদ ও সমাজসেবক ইদ্রিশ আহমেদ মিঞা।,"[""উনিশ"", ""শতকের"", ""প্রথম"", ""দিকে"", ""দাদনচক"", ""গ্রামে"", ""প্রাথমিক"", ""ও"", ""মাধ্যমিক"", ""শিক্ষা"", ""ব্যবস্থা"", ""প্রতিষ্ঠা"", ""করেছিলেন"", ""বিশিষ্ট"", ""শিক্ষাবিদ"", ""ও"", ""সমাজসেবক"", ""ইদ্রিশ"", ""আহমেদ"", ""মিঞা"", ""।""]","[""Mehrin"", ""Nazmul""]",127
BDA_0468,BDA_5997fddcf8,Bangladesh Affairs,"১৯৪৭ থেকে ১৯৬২ খ্রিষ্টাব্দ পর্যন্ত অঞ্চলভিত্তিক বন বিভাগ ছিল বনরক্ষক-এর অধীনে, এবং পরবর্তিতে ১৯৭১ খ্রিষ্টাব্দ পর্যন্ত প্রধান বনরক্ষকের অধীনে ছিল। ১৯৭১ খ্রিষ্টাব্দে বাংলাদেশ স্বাধীন হয়ে গেলে সংরক্ষিত ও প্রস্তাবিত সংরক্ষিত বনগুলো বাংলাদেশ বন বিভাগের আওতাধীন হয়ে যায়। ১৯৭১ থেকে ১৯৮৯ খ্রিষ্টাব্দ পর্যন্ত বাংলাদেশ বন বিভাগ, কৃষি মন্ত্রণালয়ের অধীন ছিল। ১৯৮৭-৮৯ সময়কালে ফরেস্ট্রি ছিল কৃষি মন্ত্রণালয়ের একটি বিভাগ, যা ছিল একজন সেক্রেটারির অধীন। পরিবেশ অধিদপ্তর (DoE) ১৯৭৭ খ্রিষ্টাব্দে বাংলাদেশে প্রচলিত পরিবেশ দূষণ নিয়ন্ত্রণ অধ্যাদেশ, ১৯৭৭ অনুযায়ী প্রতিষ্ঠিত হয়। অবশেষে ১৯৮৯ খ্রিষ্টাব্দে বাংলাদেশ বন ও পরিবেশ মন্ত্রণালয় প্রতিষ্ঠিত হয়। একইসাথে বাংলাদেশ বন বিভাগ-কে এই মন্ত্রণালয়ের কারিগরি শাখা হিসেবে এর অধীন করা হয় এবং পরিবেশ অধিদপ্তরকে পরিবেশ সংরক্ষণ আইন, ১৯৯৫ কার্যকর করতে দায়বদ্ধ হয়।",কোন বছর বাংলাদেশ বন ও পরিবেশ মন্ত্রণালয় প্রতিষ্ঠিত হয়?,বাংলাদেশ বন ও পরিবেশ মন্ত্রণালয় ১৯৮৯ খ্রিষ্টাব্দে প্রতিষ্ঠিত হয়।,"[""বাংলাদেশ"", ""বন"", ""ও"", ""পরিবেশ"", ""মন্ত্রণালয়"", ""১৯৮৯"", ""খ্রিষ্টাব্দে"", ""প্রতিষ্ঠিত"", ""হয়"", ""।""]","[""Mehrin"", ""Fahim""]",128
HIS_0220,HIS_7c573eba5b,History,"উধুয়ানালার যুদ্ধ (১৭৬১) ও বক্সারের যুদ্ধে (১৭৬৪) মজনু শাহ বৃহৎ সংখ্যক মুসলিম ফকির ও হিন্দু সন্ন্যাসীকে ব্রিটিশ ইস্ট ইন্ডিয়া কোম্পানির বিরুদ্ধে একত্রিত করেন। ইতিপূর্বে ১৭৫৭ সালে ইস্ট ইন্ডিয়া কোম্পানি বাংলার নবাবের কাছ থেকে ক্ষমতা হস্তগত করে।
দিনাজপুর, রংপুর ও বগুড়া জেলা তার কর্মকাণ্ডের কেন্দ্র ছিল। তিনি জনগণকে স্বাধীনতা, ধর্ম ও ঐক্যের ক্ষেত্রে উৎসাহিত করেন।",কোন অঞ্চলগুলো মজনু শাহের কর্মকাণ্ডের কেন্দ্রস্থল ছিল?,দিনাজপুর ও রংপুর জেলা ছিল মজনু শাহের কর্মকাণ্ডের কেন্দ্রস্থল।,"[""দিনাজপুর"", ""ও"", ""রংপুর"", ""জেলা"", ""ছিল"", ""মজনু"", ""শাহের"", ""কর্মকাণ্ডের"", ""কেন্দ্রস্থল"", ""।""]","[""Mominul"", ""Nazmul""]",129
HLT_0421,HLT_85a4b67821,Healthcare,"আভিলা ভেক্টর-বাহিত রোগ নিয়ন্ত্রণ কর্মসূচি পুনরায় শুরু করেন এবং ম্যালেরিয়া-র বিরুদ্ধে লড়াইয়ে বিশেষ গুরুত্ব দেন, যা আগের প্রশাসনগুলো গুরুত্ব দেয়নি। ডা. আভিলা ব্যবস্থাপনার কারণে স্বাস্থ্য দলের মাতিনা এলাকাটি ২০০০-এর দশকের শুরু থেকে লিমন প্রদেশ-এর সেই ক্যান্টনে ম্যালেরিয়ার ক্রমবর্ধমান প্রকোপ নিয়ন্ত্রণে সহায়তা পেতে সক্ষম হয় এবং এর ফলে দেশের বাকি নিচু এলাকায় এর বিস্তার রোধ করা সম্ভব হয়।",ডা. আভিলা কোন রোগ নিয়ন্ত্রণের কর্মসূচি পুনরায় শুরু করেছিলেন এবং কিসের বিরুদ্ধে লড়াইয়ে বিশেষ গুরুত্ব দিয়েছিলেন?,ডা. আভিলা ভেক্টর-বাহিত রোগ নিয়ন্ত্রণ কর্মসূচি পুনরায় চালু করেন এবং ম্যালেরিয়া দূর করার লড়াইয়ে বাড়তি নজর দেন।,"[""ডা"", ""."", ""আভিলা"", ""ভেক্টর"", ""-"", ""বাহিত"", ""রোগ"", ""নিয়ন্ত্রণ"", ""কর্মসূচি"", ""পুনরায়"", ""চালু"", ""করেন"", ""এবং"", ""ম্যালেরিয়া"", ""দূর"", ""করার"", ""লড়াইয়ে"", ""বাড়তি"", ""নজর"", ""দেন"", ""।""]","[""Mominul"", ""Fahim""]",130
AGR_0348,AGR_8c876a9a57,Agriculture,"উদ্ভিদের জন্য স্বাস্থ্যকর উপাদানগুলো সরাসরি সার হিসেবে ব্যবহৃত হয় না।এর পরিবর্তে কিছু রাসায়নিক যৌগসার হিসেবে ব্যবহৃত হয় যেগুলোতে এইসব ম্যাক্র ও মাইক্রো উপাদানগুলো বিদ্যমান থাকে। সারে সাধারণত ম্যাক্রউপাদানগুলো বেশি পরিমাণে থাকে এবং এর মান ০.১৫% থেকে ৬.০% ড্রাই ম্যাটার এ (DM) (০% আর্দ্রতায়)। উদ্ভিদদেহ তৈরী হয় চার উপাদানের সহায়তায়: হাইড্রোজেন,অক্সিজেন,কার্বন এবং নাইট্রোজেন। হাইড্রোজেন,অক্সিজেন এবং কার্বন বেশি পরিমাণে থাকে পানি এবং কার্বন ডাইঅক্সাইড হিসেবে। যদিও নাইট্রোজেনের পুরোটাই আসে পরিবেশ থেকে, এটি এমন এক অবস্থায় থাকে যা উদ্ভিদগ্রহণ করতে পারে না। তাই নাইট্রোজেন সবচেয়ে গুরুত্বপূর্ণ সার উপাদান যেহেতু এটি আমিষ, ডিএনএ এবং অন্য উপাদান (যেমন, ক্লোরোফিল) এ থাকে। তাই উদ্ভিদের সঠিক পুষ্টি নিশ্চিতের জন্য নাইট্রোজেন একটি গ্রহণযোগ্য অবস্থায় তৈরী করতে হবে যাতে উদ্ভিদ তা গ্রহণ করতে পারে। শুধুমাত্র কিছু ব্যাক্টেরিয়া এবং তাদের বাহক উদ্ভিদ (লিগিউম) পারে প্রাকৃতিক নাইট্রোজেনকে(N2) অ্যামোনিয়াতে রুপান্তর করতে।ফসফেট ডিএনএ এবং অ্যাডিনোসিন ট্রাইফসফেট, যা উদ্ভিদ কোষের শক্তির প্রধান উপাদান তৈরি করতে সহায়তা করে।",সারে ম্যাক্রোউপাদান সাধারণত কী পরিমাণ ড্রাই ম্যাটার এ বিদ্যমান থাকে?,সারে সাধারণত ম্যাক্রোউপাদানগুলো ০.১৫% থেকে ৬.০% ড্রাই ম্যাটার এ (DM) বা শূন্য শতাংশ আর্দ্রতায় থাকে।,"[""সারে"", ""সাধারণত"", ""ম্যাক্রোউপাদানগুলো"", ""০.১৫"", ""%"", ""থেকে"", ""৬.০"", ""%"", ""ড্রাই"", ""ম্যাটার"", ""এ"", ""("", ""DM"", "")"", ""বা"", ""শূন্য"", ""শতাংশ"", ""আর্দ্রতায়"", ""থাকে"", ""।""]","[""Nazmul"", ""Fahim""]",131
AGR_0338,AGR_1633449049,Agriculture,"গুজরাত অ্যাগ্রো ইন্ডাস্ট্রিজ কর্পোরেশন (জিএআইসি) লিমিটেড গির কেসর আমটিকে ভৌগোলিক নির্দেশক (জিআই) পণ্য হিসাবে নিবন্ধনের প্রস্তাব দিয়েছে। ২০১০ সালে জুনাগড় কৃষি বিশ্ববিদ্যালয় আবেদন করার পরে, ২০১১ সালে চেন্নাইয়ের ভৌগোলিক নির্দেশক (জিআই) রেজিস্ট্রি দ্বারা গির কেশর আম ভৌগোলিক নির্দেশক সামগ্রী হিসেবে স্বীকৃতি পায়। ""গির কেশর"" নামটিকে এই অঞ্চলে জন্মানো আমের পণ্য বলে স্বীকৃতি দেওয়া হয়। এটি গুজরাতের প্রথম কৃষি পণ্য এবং ভারতের দ্বিতীয় আমের জাত (উত্তর প্রদেশের দশেরি আমের পরে) হিসাবে জিআই পণ্য বলে স্বীকৃতি অর্জন করেছেI",কোন প্রতিষ্ঠান গির কেসর আমকে ভৌগোলিক নির্দেশক পণ্য হিসেবে নিবন্ধনের প্রস্তাব দিয়েছিল?,গুজরাত অ্যাগ্রো ইন্ডাস্ট্রিজ কর্পোরেশন লিমিটেড গির কেসর আমটিকে জিআই পণ্য হিসেবে নিবন্ধনের প্রস্তাব দিয়েছিল।,"[""গুজরাত"", ""অ্যাগ্রো"", ""ইন্ডাস্ট্রিজ"", ""কর্পোরেশন"", ""লিমিটেড"", ""গির"", ""কেসর"", ""আমটিকে"", ""জিআই"", ""পণ্য"", ""হিসেবে"", ""নিবন্ধনের"", ""প্রস্তাব"", ""দিয়েছিল"", ""।""]","[""Mehrin"", ""Mominul""]",132
UNI_0366,UNI_5919718bfd,Universities,"এই কলেজটি শাহজালাল বিজ্ঞান ও প্রযুক্তি বিশ্ববিদ্যালয়-এর স্কুল অব মেডিকেল সাইন্স এবং সিলেট মেডিকেল বিশ্ববিদ্যালয় এর অধিভুক্ত একটি কলেজ। কলেজটির অধ্যক্ষ হচ্ছেন অধ্যাপক ডা শাহরিয়ার হোসাইন চৌধুরী।
কলেজটি পাঁচ বছর মেয়াদী একটি কোর্স পরিচালনা করে, যা শাবিপ্রবি থেকে ব্যাচেলর অব মেডিসিন, ব্যাচেলর অব সার্জারি (এমবিবিএস) ডিগ্রী প্রদান করে, এবং এই ডিগ্রী বাংলাদেশ মেডিকেল এন্ড ডেন্টাল কাউন্সিল-এর দ্বারা স্বীকৃত। চূড়ান্ত প্রফেশনাল পরীক্ষা শেষে প্রত্যেক শিক্ষার্থীদের জন্য এক বছরের ইন্টার্নশীপ বাধ্যতামূলক। মেডিসিন বিভাগে প্র্যাকটিস করার জন্য বিএমডিসি থেকে নিবন্ধন পেতে এই ইন্টার্নশীপ কোর্সটি হচ্ছে একটি পূর্বশর্ত। একাডেমিক ক্যালেন্ডার জুলাই থেকে শুরু হয়ে আবার জুন পর্যন্ত চলতে থাকে।",এমবিবিএস ডিগ্রি অর্জনের জন্য এই প্রতিষ্ঠানে পরিচালিত কোর্সটির মেয়াদ কত বছর?,এই কলেজটিতে পাঁচ বছর মেয়াদী এমবিবিএস কোর্স পরিচালনা করা হয়।,"[""এই"", ""কলেজটিতে"", ""পাঁচ"", ""বছর"", ""মেয়াদী"", ""এমবিবিএস"", ""কোর্স"", ""পরিচালনা"", ""করা"", ""হয়"", ""।""]","[""Mehrin"", ""Nazmul""]",133
UNI_0199,UNI_cf6277d359,Universities,"চট্টগ্রাম বিশ্ববিদ্যালয় কেন্দ্রীয় ছাত্র সংসদ (সংক্ষেপে চাকসু হিসেবে পরিচিত) হলো চট্টগ্রাম বিশ্ববিদ্যালয়ের কেন্দ্রীয় ছাত্র সংসদ । শিক্ষার্থীদের শিক্ষার মান, নেতৃত্ব প্রদান ও অধিকার সম্পর্কে তাদের মতপ্রকাশের জন্য ১৯৬৬ সালে চাকসু প্রতিষ্ঠিত হয়। বাংলাদেশের স্বাধীনতা যুদ্ধেও চাকসু গুরুত্বপূর্ণ অবদান রাখে।",শিক্ষার্থীরা কেন চাকসুতে তাদের মত প্রকাশ করে?,"শিক্ষার মান, নেতৃত্ব প্রদান এবং নিজেদের অধিকার সম্পর্কে মতপ্রকাশের জন্য শিক্ষার্থীরা ঢাকা বিশ্ববিদ্যালয় ব্যবহার করে।","[""শিক্ষার"", ""মান"", "","", ""নেতৃত্ব"", ""প্রদান"", ""এবং"", ""নিজেদের"", ""অধিকার"", ""সম্পর্কে"", ""মতপ্রকাশের"", ""জন্য"", ""শিক্ষার্থীরা"", ""ঢাকা"", ""বিশ্ববিদ্যালয়"", ""ব্যবহার"", ""করে"", ""।""]","[""Mehrin"", ""Fahim""]",134
HLT_0022,HLT_5a828d1cd1,Healthcare,"স্বাস্থ্য অধিদপ্তরের অনলাইন সেবা — ঘরে বসেই সরকারি হাসপাতালের বহির্বিভাগের (OPD) অ্যাপয়েন্টমেন্ট ও ই-টিকিট বুক করুন, লাইনে দাঁড়ানোর দরকার নেই।
না। হাসপাতালের কাউন্টারে আগের মতোই সরাসরি টিকিট পাওয়া যাবে; অনলাইনে বুক করলে টিকেট এর জন্য দাড়ানোর সময় বাঁচে।
https://eappointment.dghs.gov.bd ওয়েবসাইটে যান। “নতুন?নিবন্ধন করুন” বাটনে ক্লিক করুন। আপনার সচল মোবাইল নাম্বার এবং ক্যাপচা দিন। ওপিটি দিয়ে যাচাই করুন। আপনার জন্ম তারিখ প্রদান করুন। এরপর আপনার জন্ম নিবন্ধন/জাতীয় পরিচয়পত্র (বয়স অনুযায়ী যেটা প্রয়োজন), বর্তমান ঠিকানা এবং পাসওয়ার্ড প্রদান করে নিচের বাটনে ক্লিক করুন। আপনার নিবন্ধন সম্পন্ন হবে, হেলথ আইডি এবং হেলথ কার্ড দেখতে পাবেন। ভবিষ্যৎ প্রয়োজনের জন্য সংরক্ষণ করুন।",অনলাইন নিবন্ধনের সময় সচল মোবাইল নম্বর ও ক্যাপচা দেওয়ার পর পরবর্তী ধাপে কী প্রদান করতে হবে?,পরবর্তী ধাপে ওপিটি দিয়ে যাচাই করতে হবে এবং জন্ম তারিখ প্রদান করতে হবে।,"[""পরবর্তী"", ""ধাপে"", ""ওপিটি"", ""দিয়ে"", ""যাচাই"", ""করতে"", ""হবে"", ""এবং"", ""জন্ম"", ""তারিখ"", ""প্রদান"", ""করতে"", ""হবে"", ""।""]","[""Mominul"", ""Nazmul""]",135
EDU_0367,EDU_dea310cab5,Education,"২য় স্তর: আল - মারহালাতুস সানাবিয়াহ্ আল উলইয়া (উচ্চ মাধ্যমিক স্তর): এতে রয়েছে দু'বছর (একাদশ শ্রেণি থেকে দ্বাদশ শ্রেণি)।
৩য় স্তর: মারহালাতুল ফজিলাত (স্নাতক ডিগ্রি)। এতে রয়েছে দু'বছর (১৩শ শ্রেণি থেকে ১৪শ শ্রেণি)।
৪র্থ স্তর:- মারহালাতুল তাকমিল (মাস্টার্স ডিগ্রি)। এতে রয়েছে দু'বছর। এ স্তরকে দাওরায়ে হাদিস বলা হয়।",উচ্চ মাধ্যমিক স্তর বা আল - মারহালাতুস সানাবিয়াহ্ আল উলইয়া কত বছরের?,"উচ্চ মাধ্যমিক স্তর বা আল - মারহালাতুস সানাবিয়াহ্ আল উলইয়া দুই বছরের এবং এটি একাদশ শ্রেণি থেকে দ্বাদশ শ্রেণি পর্যন্ত বিস্তৃত, যা ঢাকা বোর্ডের অধীনে পরিচালিত হয়।","[""উচ্চ"", ""মাধ্যমিক"", ""স্তর"", ""বা"", ""আল"", ""-"", ""মারহালাতুস"", ""সানাবিয়াহ্"", ""আল"", ""উলইয়া"", ""দুই"", ""বছরের"", ""এবং"", ""এটি"", ""একাদশ"", ""শ্রেণি"", ""থেকে"", ""দ্বাদশ"", ""শ্রেণি"", ""পর্যন্ত"", ""বিস্তৃত"", "","", ""যা"", ""ঢাকা"", ""বোর্ডের"", ""অধীনে"", ""পরিচালিত"", ""হয়"", ""।""]","[""Mominul"", ""Fahim""]",136
GOV_0291,GOV_c90fc57e6b,Government Services,"রেজিস্ট্রার জেনারেলের কার্যালয়, জন্ম ও মৃত্যু নিবন্ধন স্থানীয় সরকার, পল্লী উন্নয়ন ও সমবায় মন্ত্রণালয়ের অধীনস্থ বাংলাদেশ সরকারের একটি নিয়ন্ত্রক সংস্থা যা বাংলাদেশে জন্ম ও মৃত্যুর নিবন্ধনের জন্য দায়িত্বপ্রাপ্ত।
২০০১ সালে বাংলাদেশ সরকার ইউনিসেফের সহায়তায় জন্ম ও মৃত্যু নিবন্ধন প্রকল্প শুরু করে। প্রকল্পটি স্থানীয় সরকার বিভাগের অধীনে রাখা হয়েছিল। এইসময় জন্ম ও মৃত্যু নিবন্ধন আইন ১৮৭৩ এবং জন্ম, মৃত্যু ও বিবাহ নিবন্ধন আইন ১৮৮৬ বাতিল করা হয়, ২০০৪ সালে একটি নতুন জন্ম ও মৃত্যু নিবন্ধন আইন পাস হয়। আইনটি স্থানীয় সরকারি সংস্থা এবং বিদেশে বাংলাদেশ দূতাবাসগুলিকে জন্ম ও মৃত্যু নিবন্ধনের অনুমতি দেয়। জন্ম ও মৃত্যুর রেকর্ডের একটি স্থায়ী কেন্দ্রীয় ডাটাবেস স্থাপনের জন্য ২০১৩ সালের সেপ্টেম্বর মাসে রেজিস্ট্রার জেনারেলের কার্যালয়, জন্ম ও মৃত্যু নিবন্ধন প্রতিষ্ঠিত হয়েছিল।","রেজিস্ট্রার জেনারেলের কার্যালয়, জন্ম ও মৃত্যু নিবন্ধন কোন মন্ত্রণালয়ের অধীনস্থ?","রেজিস্ট্রার জেনারেলের কার্যালয়, জন্ম ও মৃত্যু নিবন্ধন হলো স্থানীয় সরকার বিভাগ, পল্লী উন্নয়ন ও সমবায় মন্ত্রণালয়ের অধীনস্থ বাংলাদেশ সরকারের একটি নিয়ন্ত্রক সংস্থা।","[""রেজিস্ট্রার"", ""জেনারেলের"", ""কার্যালয়"", "","", ""জন্ম"", ""ও"", ""মৃত্যু"", ""নিবন্ধন"", ""হলো"", ""স্থানীয়"", ""সরকার"", ""বিভাগ"", "","", ""পল্লী"", ""উন্নয়ন"", ""ও"", ""সমবায়"", ""মন্ত্রণালয়ের"", ""অধীনস্থ"", ""বাংলাদেশ"", ""সরকারের"", ""একটি"", ""নিয়ন্ত্রক"", ""সংস্থা"", ""।""]","[""Nazmul"", ""Fahim""]",137
SCI_0049,SCI_cfd9350414,Science & Technology,"যদিও সেই সময়ে দেশে কয়েকটি বন্দীশালা ছিল, তবে হিজলি ডিটেনশন ক্যাম্প বা হিজলি বন্দী শিবিরটি ছিল একমাত্র কারাবন্দী যা পুলিশের গুলিতে ২ জন বন্দীর মৃত্যু সাক্ষী। এই ঘটনার প্রতিবাদে নেতৃত্ব দেয়, জাতীয় পরিসংখ্যান দ্বারা তাদের রাগ নিবন্ধন করেন যেমন রবীন্দ্রনাথ ঠাকুর, সুভাষ চন্দ্র বসু এবং আরও অনেক স্বাধীনতা সংগ্রামী। প্রথম ইন্ডিয়ান ইনস্টিটিউট অফ টেকনোলজি (প্রাথমিকভাবে হাই টেকনিক্যাল ইনস্টিটিউট নামে পরিচিত) রাখার জন্য এই ভবনটি ব্যবহার করা হতো।",হিজলি বন্দী শিবিরে পুলিশের গুলিতে কতজন বন্দীর মৃত্যু হয়েছিল?,পুলিশের গুলিতে হিজলি বন্দী শিবিরে ২ জন বন্দীর মৃত্যু হয়েছিল।,"[""পুলিশের"", ""গুলিতে"", ""হিজলি"", ""বন্দী"", ""শিবিরে"", ""২"", ""জন"", ""বন্দীর"", ""মৃত্যু"", ""হয়েছিল"", ""।""]","[""Mehrin"", ""Mominul""]",138
EDU_0102,EDU_adcd5bde1c,Education,"শিক্ষক ও ছাত্র অনুপাত: শিক্ষক-ছাত্রের অনুপাত কমিয়ে আনার নীতি অনুসরণ করে প্রাথমিকে ১:৩০ শিক্ষক-ছাত্র অনুপাত এবং মাধ্যমিক ১:৪০ শিক্ষক-ছাত্রের অনুপাতে নিয়ে আসা।
শিক্ষার লক্ষ্য এবং উদ্দেশ্য: প্রাথমিক, মাধ্যমিক এবং উচ্চশিক্ষার স্তরে শিক্ষার লক্ষ্য ও উদ্দেশ্য পূর্ব নির্ধারিত থাকতে হবে।
শিক্ষা কাঠামো: বিদ্যমান শিক্ষা কাঠামো নীতিগতভাবে মেনে চলা।",প্রাথমিক স্তরে শিক্ষক ও ছাত্রের অনুপাত কত নির্ধারণ করার নীতি অনুসরণ করা হয়েছে?,প্রাথমিক শিক্ষায় শিক্ষক-ছাত্রের অনুপাত কমিয়ে ১:৩৫ এ নিয়ে আসার নীতি অনুসরণ করা হয়েছে।,"[""প্রাথমিক"", ""শিক্ষায়"", ""শিক্ষক"", ""-"", ""ছাত্রের"", ""অনুপাত"", ""কমিয়ে"", ""১:৩৫"", ""এ"", ""নিয়ে"", ""আসার"", ""নীতি"", ""অনুসরণ"", ""করা"", ""হয়েছে"", ""।""]","[""Mehrin"", ""Nazmul""]",139
BDA_0061,BDA_e27f02049a,Bangladesh Affairs,"বাংলাদেশের সংরক্ষিত বনাঞ্চলের মধ্যে রয়েছে বন্যপ্রানীর অভয়ারণ্য, জাতীয় উদ্যান, এবং গেম রিজার্ভ । দেশের মোট বন এলাকার ১০.৭% সংরক্ষিত বনাঞ্চল । বর্তমানে বাংলাদেশে যেসব সংরক্ষিত এলাকা রয়েছে তা হলো:
নিম্নে বাংলাদেশের সংরক্ষিত বনাঞ্চলের তালিকা দেয়া হল:
সিলেট, ঢাকা (আংশিক) ও চট্টগ্রাম বিভাগের আওতায় শকুনের নিরাপদ এলাকা",বাংলাদেশের মোট বন এলাকার ঠিক কত শতাংশ সংরক্ষিত বনাঞ্চল হিসেবে রয়েছে?,বাংলাদেশের মোট বন এলাকার ১০.৭% হলো সংরক্ষিত বনাঞ্চল।,"[""বাংলাদেশের"", ""মোট"", ""বন"", ""এলাকার"", ""১০.৭"", ""%"", ""হলো"", ""সংরক্ষিত"", ""বনাঞ্চল"", ""।""]","[""Mehrin"", ""Fahim""]",140
HLT_0294,HLT_86e7a2f2a6,Healthcare,"১৯২৭ সন থেকে যাদুগোপাল মুখোপাধ্যায় বিহারের রাঁচি শহরে স্থায়ীভাবে বসবাস ও চিকিৎসা ব্যবসা করতে থাকেন। ৩৫ বছর ধরে ঐ অঞ্চলে সুচিকিৎসকরূপে খ্যাতি অর্জন করেন। যক্ষ্মা রোগের চিকিৎসায় বিশেষ পারদর্শী ছিলেন। এ বিষয়ে তিনি একখানি গ্রন্থও রচনা করেন।
যাদুগোপাল ১৯৪২ - ১৯৪৫ সন পর্যন্ত ভারত ছাড় আন্দোলনের অংশ নেবার কারণে কারারুদ্ধ থাকেন। এ সময় হাজারিবাগ জেলে তার সহবন্দিদের মধ্যে ছিলেন জয়প্রকাশ নারায়ণ। আন্দোলনকে সফল করে তোলার জন্য তিনিই জয়প্রকাশ নারায়ণ ও আরো কয়েকজনকে জেল থেকে পালানোর পরিকল্পনাসহ পরামর্শ দেন এবং প্রত্যক্ষভাবে সহযোগিতা করেন।",কোন রোগের চিকিৎসায় যাদুগোপাল মুখোপাধ্যায়ের বিশেষ পারদর্শিতা ছিল এবং তিনি কি করেছিলেন?,তিনি রোগের চিকিৎসায় বিশেষ পারদর্শী ছিলেন এবং এই বিষয়ে একটি গ্রন্থ রচনা করেছিলেন।,"[""তিনি"", ""রোগের"", ""চিকিৎসায়"", ""বিশেষ"", ""পারদর্শী"", ""ছিলেন"", ""এবং"", ""এই"", ""বিষয়ে"", ""একটি"", ""গ্রন্থ"", ""রচনা"", ""করেছিলেন"", ""।""]","[""Mominul"", ""Nazmul""]",141
AGR_0014,AGR_6466b02f17,Agriculture,"বাংলাদেশে পোল্ট্রি চাষ হল বিভিন্ন ধরনের পাখির মাংস, ডিম, পালক উৎপাদন অথবা বিক্রয়ের জন্য গৃহীত প্রক্রিয়া। বাংলাদেশে পোল্ট্রি বা গৃহপালিত পাখি সবচেয়ে বেশি মাংস ও ডিম উৎপাদনের জন্য ব্যবহৃত হয়।
বাংলাদেশের আবহাওয়া পোল্ট্রি চাষের জন্য অনেক বেশি অনুকূল বা বন্ধুত্ব সুলভ। বহু বছর আগ থেকে এখানকার মানুষ বিভিন্ন ধরনের স্থানীয় জাতের পাখি পালন করে আসছে। কিন্তু এদের উৎপাদনশীলতা যথেষ্ট কম হওয়ায় খামার প্রতিষ্ঠার প্রয়োজনীয়তা দেখা দেয়। ব্রিটিশ শাসনামলে ঢাকার তেজগাঁওয়, নারায়ণগঞ্জ ও সিলেটে পোল্ট্রি খামার তৈরি করা হয়েছিল। পরবর্তীতে পাকিস্তান সরকার ১৯৫৮ সালে চট্টগ্রামের পাহাড়তলী, সীতাকুন্ডু, বরিশাল, যশােহর, খুলনা, রাজশাহীতে পোল্ট্রি (হাঁস-মুরগির) খামার তৈরি করে। বাংলাদেশে ২০০৫ সালে মোট পোল্ট্রি পাখির সংখ্যা ছিল প্রায় ১৮ কোটি ৮৩ লক্ষ এবং বার্ষিক প্রায় ৫৩৬ কোটি ৯০ লক্ষ ডিম উৎপন্ন হয়েছিল। প্রাণীসম্পদ অধিদপ্তরের তথ্য অনুযায়ী ২০১৫ সালে দেশে ৪৫টি সরকারি হাসঁ-মুরগির খামার রয়েছে, যার মধ্যে ৮টি বাচ্চা উৎপাদন করা হয় এবং ৬৪,৭৫৯টি বেসরকারি নিবন্ধিত সহ ১,৬০,৫০৯টি খামার রয়েছে। এ খামারগুলো থেকে প্রতিদিন গড়ে ২.৩ কোটি ডিম এবং ১,৫৩০ টন মাংস উপৎপাদিত হয়, যা দেশের মোট মাংস উৎপাদনের ৩৭ শতাংশ।",পাকিস্তান সরকার কত সালে পোল্ট্রি খামার তৈরি করে এবং সেগুলো কোথায় অবস্থিত ছিল?,"পাকিস্তান সরকার ১৯৬৮ সালে চট্টগ্রামের পাহাড়তলী, সীতাকুন্ডু, বরিশাল, যশােহর, খুলনা ও রাজশাহীতে পোল্ট্রি খামার তৈরি করেছিল।","[""পাকিস্তান"", ""সরকার"", ""১৯৬৮"", ""সালে"", ""চট্টগ্রামের"", ""পাহাড়তলী"", "","", ""সীতাকুন্ডু"", "","", ""বরিশাল"", "","", ""যশােহর"", "","", ""খুলনা"", ""ও"", ""রাজশাহীতে"", ""পোল্ট্রি"", ""খামার"", ""তৈরি"", ""করেছিল"", ""।""]","[""Mominul"", ""Fahim""]",142
UNI_0137,UNI_2a3395223d,Universities,"লাহোর (শাহরা-ই-কায়দ-ইয়াজম) এবং পাঞ্জাব আসনের প্রধান ধমনী নিকটবর্তী শহরের প্রাণকেন্দ্রে অবস্থিত স্যার গঙ্গা রাম হাসপাতাল, এফজেএমইউ এর শিক্ষণ হাসপাতাল এটি । ঘনবসতিপূর্ণ এলাকা ঘিরে হাসপাতালটি শহরটির পশ্চিম ও দক্ষিণ অংশে তাদের সেবা সরবরাহ করে । বিশেষত লাহোরের সন্নিহিত জেলায় সেবা প্রদান করে। হাসপাতালের রোগী ধারণক্ষমতা ৭০০, তবে গড় সংখ্যা প্রায় ৮০০ছড়িয়ে পড়েছে ।",স্যার গঙ্গা রাম হাসপাতালটি কোন প্রতিষ্ঠানের শিক্ষণ হাসপাতাল?,স্যার গঙ্গা রাম হাসপাতালটি এফজেএমইউ-এর একটি শিক্ষণ হাসপাতাল।,"[""স্যার"", ""গঙ্গা"", ""রাম"", ""হাসপাতালটি"", ""এফজেএমইউ"", ""-"", ""এর"", ""একটি"", ""শিক্ষণ"", ""হাসপাতাল"", ""।""]","[""Nazmul"", ""Fahim""]",143
HIS_0059,HIS_7f1de52c79,History,"১৭৫৭ সালের পলাশীর যুদ্ধের পরে নবাব সিরাজউদ্দৌলার পতনের সময় তার স্ত্রী লুৎফুন্নেসা, মা আমেনা বেগম, খালা ঘসেটি বেগম, কন্যা উম্মে জোহরা এবং আরও অনেক নারী সদস্যকে এই প্রাসাদে বন্দি রাখা হয়। মীরজাফরের পুত্র মীরনের নির্দেশে ১৭৬০ সালে ঘসেটি ও আমেনা বেগমকে নৌকায় করে ধলেশ্বরী নদীর সঙ্গমস্থলে ডুবিয়ে হত্যা করা হয়। ব্রিটিশ সেনাপতি রবার্ট ক্লাইভের হস্তক্ষেপে সিরাজের স্ত্রী ও কন্যা রক্ষা পান এবং পরে মুর্শিদাবাদে প্রেরিত হন। সিরাজ পতনের বহু বছর পরে, ১৭৯০ সালে লুৎফুন্নেসার মৃত্যু হয়।",কোন ব্রিটিশ সেনাপতির হস্তক্ষেপে নবাব সিরাজউদ্দৌলার স্ত্রী ও কন্যা রক্ষা পেয়েছিলেন?,ব্রিটিশ সেনাপতি রবার্ট ক্লাইভের হস্তক্ষেপে নবাব সিরাজউদ্দৌলার স্ত্রী লুৎফুন্নেসা এবং কন্যা উম্মে জোহরা রক্ষা পেয়েছিলেন।,"[""ব্রিটিশ"", ""সেনাপতি"", ""রবার্ট"", ""ক্লাইভের"", ""হস্তক্ষেপে"", ""নবাব"", ""সিরাজউদ্দৌলার"", ""স্ত্রী"", ""লুৎফুন্নেসা"", ""এবং"", ""কন্যা"", ""উম্মে"", ""জোহরা"", ""রক্ষা"", ""পেয়েছিলেন"", ""।""]","[""Mehrin"", ""Mominul""]",144
HIS_0286,HIS_f516cac58b,History,"আর এভাবে সুসংগঠিত সেনা কমান্ডের শুরু হয়।
এরপর জুন মাসে প্রধানমন্ত্রী ও প্রতিরক্ষামন্ত্রী তাজউদ্দিন আহমদের সভাপতিত্বে অনুষ্ঠিত মন্ত্রিপরিষদের বৈঠকে যুদ্ধ পরিস্থিতির সার্বিক পর্যালোচনা করে সুষ্ঠু প্রশাসনিক ব্যবস্থার অধীন যুদ্ধ-অঞ্চল (সেক্টর) গঠনের সিদ্ধান্ত হয় এবং এই লক্ষ্যে জরুরী ভিত্তিতে সমন্বয় সভা আয়োজনের জন্য কর্নেল ওসমানীকে প্রয়োজনীয় নির্দেশ দেয়া হয়।",সেক্টর গঠনের লক্ষ্যে জরুরী ভিত্তিতে সমন্বয় সভা আয়োজনের জন্য কাকে নির্দেশ দেওয়া হয়েছিল?,জরুরী ভিত্তিতে সমন্বয় সভা আয়োজনের জন্য নির্দেশ প্রদান করা হয়েছিল।,"[""জরুরী"", ""ভিত্তিতে"", ""সমন্বয়"", ""সভা"", ""আয়োজনের"", ""জন্য"", ""নির্দেশ"", ""প্রদান"", ""করা"", ""হয়েছিল"", ""।""]","[""Mehrin"", ""Nazmul""]",145
HIS_0387,HIS_d79c89e5a8,History,"মুক্তিযুদ্ধে লিখিত বহু কবিতা ও উপন্যাস রয়েছে, যার মধ্যে যুদ্ধের সময় শামসুর রহমানের বিখ্যাত কবিতা রয়েছে। এটি ১৯৭১ সাল থেকে বাংলাদেশী সাহিত্যের জন্য সর্বাধিক ব্যবহৃত বিষয়। যুদ্ধ স্মরণে নির্মিত স্মৃতিগুলি বাংলাদেশের সর্বোচ্চ সম্মানিত স্মৃতিস্তম্ভ।
স্টপ জেনোসাইড – তথ্যচিত্র জহির রায়হান (১৯৭১)
নাইন মান্থস টু ফ্রিডম: দ‍্যা স্টোরি অফ বাংলাদেশ – তথ্যচিত্র এস.সুখদেব (১৯৭২)",এস. সুখদেব পরিচালিত 'নাইন মান্থস টু ফ্রিডম: দ‍্যা স্টোরি অফ বাংলাদেশ' তথ্যচিত্রটি কোন সালে মুক্তি পায়?,এস. সুখদেব পরিচালিত 'নাইন মান্থস টু ফ্রিডম: দ‍্যা স্টোরি অফ বাংলাদেশ' তথ্যচিত্রটি ১৯৭৫ সালে প্রকাশিত হয়েছিল।,"[""এস"", ""."", ""সুখদেব"", ""পরিচালিত"", ""'"", ""নাইন"", ""মান্থস"", ""টু"", ""ফ্রিডম"", "":"", ""দ‍্যা"", ""স্টোরি"", ""অফ"", ""বাংলাদেশ"", ""'"", ""তথ্যচিত্রটি"", ""১৯৭৫"", ""সালে"", ""প্রকাশিত"", ""হয়েছিল"", ""।""]","[""Mehrin"", ""Fahim""]",146
GOV_0133,GOV_b987183d49,Government Services,"সরকারি কোনো বিশেষ ঘোষণা মোবাইল ফোনের ক্ষুদে বার্তার মাধ্যমে সরাসরি ঐ সকল ব্যক্তি ও তাদের পরিবারের নিকট পৌঁছে দেওয়া যাচ্ছে।
বর্তমানে বাংলাদেশের নাগরিকরা অনলাইনে আবেদন করে দেশের ৬৪টি জেলায় স্থাপিত ই-সেবা কেন্দ্র থেকে জমি-জমা সংক্রান্ত বিভিন্ন দলিলের সত্যায়িত অনুলিপি সংগ্রহ করতে পারে।
চিনিকলের ইক্ষু সরবরাহের অনুমতিপত্র বা পুর্জি স্বয়ংক্রিয় করা হয়েছে এবং কৃষকরা বর্তমানে মোবাইলে তাদের পুর্জি পাচ্ছে।",চিনিকলে ইক্ষু সরবরাহের স্বয়ংক্রিয় পুর্জি কৃষকদের কাছে কীভাবে পৌঁছায়?,চিনিকলে ইক্ষু সরবরাহের জন্য স্বয়ংক্রিয় করা পুর্জি বর্তমানে কৃষকরা তাদের মোবাইল ফোনের মাধ্যমেই পেয়ে থাকেন।,"[""চিনিকলে"", ""ইক্ষু"", ""সরবরাহের"", ""জন্য"", ""স্বয়ংক্রিয়"", ""করা"", ""পুর্জি"", ""বর্তমানে"", ""কৃষকরা"", ""তাদের"", ""মোবাইল"", ""ফোনের"", ""মাধ্যমেই"", ""পেয়ে"", ""থাকেন"", ""।""]","[""Mominul"", ""Nazmul""]",147
HLT_0075,HLT_c42b23a389,Healthcare,"২০২১ সালের অক্টোবর পর্যন্ত রোগটির চিকিৎসার জন্য কোনও ভাইরাস-নিরোধক ঔষধ কর্তৃপক্ষের সমর্থন বা অনুমোদন লাভ করেনি।
হাসপাতালে রোগটির গুরুতর পর্যায়ের চিকিৎসাতে মূলত উপসর্গসমূহের উপশম করা হয় এবং সহায়ক চিকিৎসা প্রদান করা হয়, যাতে রোগী নিজে থেকেই ধীরে ধীরে সেরে উঠতে পারে।
২০২০ সালের দ্বিতীয়ার্ধে বিভিন্ন দেশে বেশ কিছু টিকা উদ্ভাবিত হয় এবং ২০২০ সালের ডিসেম্বর মাস থেকে বিশ্বের বিভিন্ন দেশের কোভিড-১৯ টিকাদান কার্যক্রম চলমান আছে।",কোভিড-১৯ এর গুরুতর আক্রান্ত রোগীদের হাসপাতালে চিকিৎসার ক্ষেত্রে মূলত কী ধরনের ব্যবস্থা নেওয়া হয়?,"হাসপাতালে এই রোগের গুরুতর পর্যায়ের চিকিৎসায় প্রধানত উপসর্গগুলোর উপশম করা হয় এবং সহায়ক চিকিৎসা দেওয়া হয়, যার ফলে রোগী ধীরে ধীরে নিজে থেকেই সুস্থ হয়ে উঠতে পারে।","[""হাসপাতালে"", ""এই"", ""রোগের"", ""গুরুতর"", ""পর্যায়ের"", ""চিকিৎসায়"", ""প্রধানত"", ""উপসর্গগুলোর"", ""উপশম"", ""করা"", ""হয়"", ""এবং"", ""সহায়ক"", ""চিকিৎসা"", ""দেওয়া"", ""হয়"", "","", ""যার"", ""ফলে"", ""রোগী"", ""ধীরে"", ""ধীরে"", ""নিজে"", ""থেকেই"", ""সুস্থ"", ""হয়ে"", ""উঠতে"", ""পারে"", ""।""]","[""Mominul"", ""Fahim""]",148
SCI_0240,SCI_a0a7708b84,Science & Technology,"প্রতিষ্ঠানঠিতে কর্মরত একজন প্রধান নির্বাহী কর্মকর্তা এবং একজন মহাপরিচালক, যাদের অধীনস্থ রয়েছেন আরো ৩৬৬ জন কর্মকর্তা এবং প্রায় দুই শতাধিক বিজ্ঞানী। ১৯৯৭ সালে পরমাণু শক্তি গবেষণা প্রতিষ্ঠানের দ্বিতীয় পর্যায়ের অবকাঠামোগত উন্নয়ন প্রক্রিয়া শুরু হয়েছিল যার আওতায় ২০০৭ সালে প্রতিষ্ঠানটিতে একটি এনার্জি ইউনিট, কেন্দ্রীয় প্রকৌশল ওয়ার্কশপ, কেন্দ্রীয় গ্রন্থাগার ও একটি ক্যাফেটেরিয়া স্থাপনের কাজ সম্পন্ন করা হয়েছে।",উন্নয়ন প্রকল্পের আওতায় ২০০৭ সালে কোন কোন স্থাপনার কাজ সম্পন্ন করা হয়েছিল?,"উন্নয়ন প্রকল্পের আওতায় ২০০৫ সালে একটি এনার্জি ইউনিট, কেন্দ্রীয় প্রকৌশল ওয়ার্কশপ, একটি কেন্দ্রীয় গ্রন্থাগার এবং একটি ক্যাফেটেরিয়া স্থাপনের কাজ সম্পন্ন করা হয়।","[""উন্নয়ন"", ""প্রকল্পের"", ""আওতায়"", ""২০০৫"", ""সালে"", ""একটি"", ""এনার্জি"", ""ইউনিট"", "","", ""কেন্দ্রীয়"", ""প্রকৌশল"", ""ওয়ার্কশপ"", "","", ""একটি"", ""কেন্দ্রীয়"", ""গ্রন্থাগার"", ""এবং"", ""একটি"", ""ক্যাফেটেরিয়া"", ""স্থাপনের"", ""কাজ"", ""সম্পন্ন"", ""করা"", ""হয়"", ""।""]","[""Nazmul"", ""Fahim""]",149
HIS_0201,HIS_4dae498c20,History,১৯৭১ সালের ২৭ সেপ্টেম্বর মেজর নাজমুল হক মিত্রবাহিনীর সঙ্গে উচ্চপর্যায়ের বৈঠক শেষে ভারতের শিলিগুড়ি ক্যান্টনমেন্ট থেকে ফেরার পথে দুর্ঘটনায় প্রাণ হারান। চাঁপাইনবাবগঞ্জের শিবগঞ্জ থানার অন্যতম ঐতিহাসিক স্থাপনা ছোট সোনা মসজিদ এর প্রাঙ্গনে মেজর নাজমুল হকের সমাধি রয়েছে। তার মৃত্যুর পর মেজর কাজী নুরুজ্জামানকে ৭ম সেক্টরের নতুন সেক্টর কমান্ডার হিসেবে নিয়োগ দেয়া হয়।,মেজর নাজমুল হকের মৃত্যুর পর ৭ম সেক্টরের নতুন সেক্টর কমান্ডার হিসেবে কাকে নিয়োগ দেওয়া হয়েছিল?,মেজর নাজমুল হকের মৃত্যুর পর ৭ম সেক্টরের নতুন সেক্টর কমান্ডার হিসেবে মেজর কাজী নুরুজ্জামানকে দায়িত্ব দেওয়া হয়।,"[""মেজর"", ""নাজমুল"", ""হকের"", ""মৃত্যুর"", ""পর"", ""৭ম"", ""সেক্টরের"", ""নতুন"", ""সেক্টর"", ""কমান্ডার"", ""হিসেবে"", ""মেজর"", ""কাজী"", ""নুরুজ্জামানকে"", ""দায়িত্ব"", ""দেওয়া"", ""হয়"", ""।""]","[""Mehrin"", ""Mominul""]",150
HLT_0383,HLT_5a828d1cd1,Healthcare,"স্বাস্থ্য অধিদপ্তরের অনলাইন সেবা — ঘরে বসেই সরকারি হাসপাতালের বহির্বিভাগের (OPD) অ্যাপয়েন্টমেন্ট ও ই-টিকিট বুক করুন, লাইনে দাঁড়ানোর দরকার নেই।
না। হাসপাতালের কাউন্টারে আগের মতোই সরাসরি টিকিট পাওয়া যাবে; অনলাইনে বুক করলে টিকেট এর জন্য দাড়ানোর সময় বাঁচে।
https://eappointment.dghs.gov.bd ওয়েবসাইটে যান। “নতুন?নিবন্ধন করুন” বাটনে ক্লিক করুন। আপনার সচল মোবাইল নাম্বার এবং ক্যাপচা দিন। ওপিটি দিয়ে যাচাই করুন। আপনার জন্ম তারিখ প্রদান করুন। এরপর আপনার জন্ম নিবন্ধন/জাতীয় পরিচয়পত্র (বয়স অনুযায়ী যেটা প্রয়োজন), বর্তমান ঠিকানা এবং পাসওয়ার্ড প্রদান করে নিচের বাটনে ক্লিক করুন। আপনার নিবন্ধন সম্পন্ন হবে, হেলথ আইডি এবং হেলথ কার্ড দেখতে পাবেন। ভবিষ্যৎ প্রয়োজনের জন্য সংরক্ষণ করুন।",স্বাস্থ্য অধিদপ্তরের অনলাইন সেবার মাধ্যমে কি হাসপাতালের কাউন্টারে সরাসরি টিকিট নেওয়া বন্ধ হয়ে গেছে?,হাসপাতালের কাউন্টারে আগের মতোই সরাসরি টিকিট পাওয়া যাবে না।,"[""হাসপাতালের"", ""কাউন্টারে"", ""আগের"", ""মতোই"", ""সরাসরি"", ""টিকিট"", ""পাওয়া"", ""যাবে"", ""না"", ""।""]","[""Mehrin"", ""Nazmul""]",151
AGR_0444,AGR_d243aa6f6b,Agriculture,"বান্দা বাসুদেব রাও , সংক্ষেপে 'বি ভি রাও' ( ৬ নভেম্বর ১৯৩৫ - ২৬ জানুয়ারি ১৯৯৬) ছিলেন একজন ভারতীয় উদ্যোক্তা এবং কৃষিবিদ যিনি ভারতে পোল্ট্রি শিল্পের জনক হিসাবে পরিচিত। তিনি ১৯৭১ খ্রিস্টাব্দে 'ভি এইচ গ্রুপ' নামে একটি ভারতীয় সংঘবদ্ধ গোষ্ঠী প্রতিষ্ঠা করেন। তিনি জাতীয় ডিম সমন্বয় কমিটি তথা 'ন্যাশনাল এগ কো-অডিনেশন কমিটি (এনইসিসি)'র প্রতিষ্ঠাতা-সভাপতি ছিলেন ১৯৯০ খ্রিস্টাব্দে ভারত সরকার তাঁকে দেশের চতুর্থ সর্বোচ্চ বেসামরিক পুরস্কার, পদ্মশ্রী প্রদান করে । তার মৃত্যুর সময় পরিবারের সম্মিলিত সম্পদের পরিমাণ ছিল $৩২৫ মিলিয়ন ( ₹ ১৩০০ কোটি)। ১৯৯৬ খ্রিস্টাব্দ নাগাদ তাঁর সংস্থায় প্রায় ৫০০০ কর্মচারী সরাসরি নিযুক্ত ছিল।",ভি ভি রাও কোন ভারতীয় সংঘবদ্ধ গোষ্ঠী প্রতিষ্ঠা করেছিলেন এবং কত সালে?,বি ভি রাও ১৯৭১ খ্রিস্টাব্দে 'ভি এইচ গ্রুপ' নামক একটি ভারতীয় সংঘবদ্ধ গোষ্ঠী প্রতিষ্ঠা করেন।,"[""বি"", ""ভি"", ""রাও"", ""১৯৭১"", ""খ্রিস্টাব্দে"", ""'"", ""ভি"", ""এইচ"", ""গ্রুপ"", ""'"", ""নামক"", ""একটি"", ""ভারতীয়"", ""সংঘবদ্ধ"", ""গোষ্ঠী"", ""প্রতিষ্ঠা"", ""করেন"", ""।""]","[""Mehrin"", ""Fahim""]",152
EDU_0217,EDU_8c2d1ee582,Education,"ইবেন সিনা লিখেছেন যে শিশুদেরকে ৬ বছর বয়স থেকেই মকতবে পাঠানো ও ১৪ বছর বয়স পর্যন্ত প্রাথমিক শিক্ষা দেয়া উচিত। এসময়ে, তারা যেন কুরআন, হাদীস, ইসলামী দর্শন, ভাষা, সাহিত্য, ইসলামী আচারব্যবহার, ও ব্যবহারিক (অর্থাৎ,যেকোন প্রকারের প্রায়োগিক ) দক্ষতা আয়ত্ত করে.
ইবনে সিনা মকতবভিত্তিক শিক্ষার দ্বিতীয় স্তরকে এমন একটি বিশেষ যোগ্যতা অর্জনের ক্ষেত্র বলে আখ্যায়িত করেছেন যে সেক্ষেত্রে ছাত্রদের কর্তব্য হল,কোন সামাজিক মর্যাদার প্রতি ভ্রুক্ষেপ না করে প্রায়োগিক যোগ্যতা অর্জন করা।তিনি লিখেছেন যে চৌদ্দ-ঊর্ধ ছেলেমেয়েদেরকে তাদের নিজ ইচ্ছামত কোন বিষয় বেছে নিয়ে সেবিষয়ে বিশেষজ্ঞতা অর্জন করতে দেয়া উচিত যাতে সে আগ্রহবোধ করে, তা হতে পারে ব্যবহারিক দক্ষতা, সাহিত্য, দ্বীনের দাওয়াত, জ্যামিতি, ব্যবসা-বাণিজ্য, কারূকর্ম অথবা অন্য যেকোন এমন বিষয় বা বৃত্তি যা অনুযায়ী সে ভবিষ্যৎ জীবন গড়ে তুলতে চায়। তিনি আরো লিখেন যে এটা তাদের পরিবর্তনশীল সময় আর ছাত্রছাত্রীদের বেড়ে ওঠার বয়স অনুযায়ী তাদের জন্য নমনীয়তা রাখা প্রয়োজন, যার পাশাপাশি ছাত্রছাত্রীদের মানসিক বিকাশ ও তাদের নির্বাচিত বিষয়গুলোকেও বিবেচনায় রাখা বাঞ্ছনীয়।",মকতবভিত্তিক শিক্ষার দ্বিতীয় স্তরের ছাত্রদের সামাজিক মর্যাদার প্রতি কেমন দৃষ্টিভঙ্গি পোষণ করা উচিত বলে ইবনে সিনা উল্লেখ করেছেন?,ইবনে সিনা উল্লেখ করেছেন যে মকতবভিত্তিক শিক্ষার দ্বিতীয় স্তরে ছাত্রদের কোন ধরনের সামাজিক মর্যাদার প্রতি ভ্রুক্ষেপ না করে শুধুমাত্র প্রায়োগিক যোগ্যতা অর্জন করা উচিত।,"[""ইবনে"", ""সিনা"", ""উল্লেখ"", ""করেছেন"", ""যে"", ""মকতবভিত্তিক"", ""শিক্ষার"", ""দ্বিতীয়"", ""স্তরে"", ""ছাত্রদের"", ""কোন"", ""ধরনের"", ""সামাজিক"", ""মর্যাদার"", ""প্রতি"", ""ভ্রুক্ষেপ"", ""না"", ""করে"", ""শুধুমাত্র"", ""প্রায়োগিক"", ""যোগ্যতা"", ""অর্জন"", ""করা"", ""উচিত"", ""।""]","[""Mominul"", ""Nazmul""]",153
SCI_0489,SCI_b83709e069,Science & Technology,বাংলাদেশের চৌমুহনী সরকারি এস.এ. কলেজ থেকে এইচ.এস.সি পরীক্ষায় পাশ করার পর ঢাকা বিশ্ববিদ্যালয় থেকে স্নাতক উত্তীর্ণ হন নঈম চৌধুরী। ১৯৬৭ সালে তিনি ওই শিক্ষায়তন থেকেই জৈবরসায়ন বিভাগে স্নাতকোত্তরের পরীক্ষা দেন এবং প্রথম শ্রেণিতে তৃতীয় স্থান লাভ করেন। এরপর তিনি উচ্চশিক্ষার জন্য বিদেশে চলে যান। ম্যাকগিল বিশ্ববিদ্যালয়ের অধীনে পি.এইচ.ডি করার জন্য তিনি ‘কমনওয়েলথ স্কলারশিপ’ পেয়েছিলেন। পরবর্তীকালে ১৯৮২ সালে নিউ সাউথ ওয়েলস বিশ্ববিদ্যালয় থেকে তিনি জৈবপ্রযুক্তিবিদ্যায় ডক্টরেট লাভ করেন। ১৯৮৮ সালে তিনি ইউরোপীয়ান ইকোনমিক্যাল কমিউনিটি ফেলোশিপ লাভ করেন এবং পশ্চিম জার্মানির কার্লস্রুহে বিশ্ববিদ্যালয় (University of Karlsruhe) থেকে পোস্ট ডক্টরেটের জন্য গবেষণা শুরু করেন।,নঈম চৌধুরী কোন বিশ্ববিদ্যালয় থেকে জৈবরসায়নে স্নাতকোত্তর ডিগ্রি অর্জন করেন এবং তার ফলাফল কী ছিল?,নঈম চৌধুরী ঢাকা বিশ্ববিদ্যালয় থেকে জৈবরসায়ন বিভাগে স্নাতকোত্তর পরীক্ষা দেন এবং প্রথম শ্রেণিতে তৃতীয় স্থান অর্জন করেন।,"[""নঈম"", ""চৌধুরী"", ""ঢাকা"", ""বিশ্ববিদ্যালয়"", ""থেকে"", ""জৈবরসায়ন"", ""বিভাগে"", ""স্নাতকোত্তর"", ""পরীক্ষা"", ""দেন"", ""এবং"", ""প্রথম"", ""শ্রেণিতে"", ""তৃতীয়"", ""স্থান"", ""অর্জন"", ""করেন"", ""।""]","[""Mominul"", ""Fahim""]",154
EDU_0332,EDU_01323f77fe,Education,"কারিগরি শিক্ষা অধিদপ্তর (ডিটিই) ভারতের কেরলের সরকারের অধীনে একটি উচ্চশিক্ষা পরিচালনা সংস্থা। এটি উচ্চ শিক্ষা বিভাগের একটি অংশ এবং এটি সরাসরি শিক্ষামন্ত্রী কর্তৃক পরিচালিত হয়। অধিদপ্তর টি উচ্চশিক্ষা সংক্রান্ত বিভিন্ন বিষয়ে সরকারকে পরামর্শ দেয়। এটি ৯ টি সরকারী প্রকৌশল কলেজ, ৩ টি সহায়ক ইঞ্জিনিয়ারিং কলেজ, ৪৯ টি পলিটেকনিক কলেজ, চারটি চারুকলা কলেজ, ৩৯ টি প্রযুক্তিগত উচ্চ বিদ্যালয়, ১ টি সরকারি বাণিজ্যিক প্রতিষ্ঠান, ৪২ টি টেলিং ও পোশাক তৈরির প্রশিক্ষণ কেন্দ্র এবং চারটি বৃত্তিমূলক প্রশিক্ষণ কেন্দ্র পরিচালনা করে।",কারিগরি শিক্ষা অধিদপ্তর কোন দেশের সরকারর অধীনে পরিচালিত হয়?,কারিগরি শিক্ষা অধিদপ্তর ভারতের কেরল সরকারের অধীনে পরিচালিত একটি উচ্চশিক্ষা পরিচালনা সংস্থা।,"[""কারিগরি"", ""শিক্ষা"", ""অধিদপ্তর"", ""ভারতের"", ""কেরল"", ""সরকারের"", ""অধীনে"", ""পরিচালিত"", ""একটি"", ""উচ্চশিক্ষা"", ""পরিচালনা"", ""সংস্থা"", ""।""]","[""Nazmul"", ""Fahim""]",155
HIS_0104,HIS_710bf1a749,History,১৩২৫ সালে উলুখান মুহাম্মদ বিন তুঘলক হিসেবে দিল্লির সিংহাসনে আরোহণ করেন। পারস্য ও খোরাসান আক্রমণের জন্য তার পরিকল্পনা তার কোষাগার দেউলিয়া করে দেয় এবং টোকেন মুদ্রা ইস্যু করে। এর ফলে নকল হয় এবং সালতানাতের আর্থিক অবস্থা আরও খারাপ হয়। তিনি তার বিশাল সৈন্য পরিশোধ করতে অক্ষম এবং দূরবর্তী প্রদেশে মোতায়েন সৈন্যরা বিদ্রোহ করে। প্রথম প্রদেশ ছিল বাংলা এবং মা'বার শীঘ্রই অনুসরণ করা হয়। মাবারের গভর্নর জালালউদ্দিন আহসান খান স্বাধীনতা ঘোষণা করেন এবং মাদুরাই সালতানাত প্রতিষ্ঠা করেন। মাদুরাই সালতানাত প্রতিষ্ঠার সঠিক বছর পরিষ্কার নয়। সংখ্যাতত্ত্বগত প্রমাণ ১৩৩৫ সালে এর প্রতিষ্ঠাতা বছর হিসেবে নির্দেশ করে। পারস্যের ঐতিহাসিক ফিরিশতা অবশ্য ১৩৪০ সালের মাবারের বিদ্রোহের বছর হিসাবে লেখেন।,দিল্লির সিংহাসনে আরোহণের পর মুহাম্মদ বিন তুঘলকের কোষাগার দেউলিয়া হওয়ার কারণ কী ছিল?,পারস্য আক্রমণ মুহাম্মদ বিন তুঘলকের কোষাগারকে দেউলিয়া করে দিয়েছিল।,"[""পারস্য"", ""আক্রমণ"", ""মুহাম্মদ"", ""বিন"", ""তুঘলকের"", ""কোষাগারকে"", ""দেউলিয়া"", ""করে"", ""দিয়েছিল"", ""।""]","[""Mehrin"", ""Mominul""]",156
HLT_0047,HLT_cb5bf2298b,Healthcare,"ঢাকা কমিউনিটি মেডিকেল কলেজের ক্যাম্পাসটি ঢাকা শহরের মাঝে ১৯০/১১, বড় মগবাজার, ওয়্যারলেস রেল গেট -এ অবস্থিত। বর্তমানে, প্রাক ক্লিনিকাল, প্যারা ক্লিনিকাল এবং ক্লিনিকাল একাডেমিক কার্যক্রম ১২ তলা (নির্মাণাধীন) ভবনে চলছে। ক্লিনিকাল পরিষেবা, শিক্ষাদান এবং প্রশিক্ষণ কার্যক্রম সংলগ্ন ৫০০ শয্যাবিশিষ্ট হাসপাতাল কমপ্লেক্সে অনুষ্ঠিত হয়। মেডিকেল কলেজ হাসপাতাল ১৪ তলা ভবন (নির্মাণাধীন)। বর্তমানে হাসপাতাল ভবন ১২ তলা বিশিষ্ট। কলেজটি বাংলাদেশের বিভিন্ন জায়গায় শহুরে এবং পল্লী স্বাস্থ্যসেবা কেন্দ্রগুলিতে প্রবেশাধিকার পেয়েছে।",ঢাকা কমিউনিটি মেডিকেল কলেজের ক্যাম্পাসটি কোথায় অবস্থিত?,"ঢাকা কমিউনিটি মেডিকেল কলেজের ক্যাম্পাসটি ঢাকা শহরের ১৯০/১১, বড় মগবাজার, ওয়্যারলেস রেল গেট-এ অবস্থিত এবং এর নিজস্ব বিশাল খেলার মাঠ রয়েছে।","[""ঢাকা"", ""কমিউনিটি"", ""মেডিকেল"", ""কলেজের"", ""ক্যাম্পাসটি"", ""ঢাকা"", ""শহরের"", ""১৯০/১১"", "","", ""বড়"", ""মগবাজার"", "","", ""ওয়্যারলেস"", ""রেল"", ""গেট"", ""-"", ""এ"", ""অবস্থিত"", ""এবং"", ""এর"", ""নিজস্ব"", ""বিশাল"", ""খেলার"", ""মাঠ"", ""রয়েছে"", ""।""]","[""Mehrin"", ""Nazmul""]",157
HIS_0328,HIS_710bf1a749,History,১৩২৫ সালে উলুখান মুহাম্মদ বিন তুঘলক হিসেবে দিল্লির সিংহাসনে আরোহণ করেন। পারস্য ও খোরাসান আক্রমণের জন্য তার পরিকল্পনা তার কোষাগার দেউলিয়া করে দেয় এবং টোকেন মুদ্রা ইস্যু করে। এর ফলে নকল হয় এবং সালতানাতের আর্থিক অবস্থা আরও খারাপ হয়। তিনি তার বিশাল সৈন্য পরিশোধ করতে অক্ষম এবং দূরবর্তী প্রদেশে মোতায়েন সৈন্যরা বিদ্রোহ করে। প্রথম প্রদেশ ছিল বাংলা এবং মা'বার শীঘ্রই অনুসরণ করা হয়। মাবারের গভর্নর জালালউদ্দিন আহসান খান স্বাধীনতা ঘোষণা করেন এবং মাদুরাই সালতানাত প্রতিষ্ঠা করেন। মাদুরাই সালতানাত প্রতিষ্ঠার সঠিক বছর পরিষ্কার নয়। সংখ্যাতত্ত্বগত প্রমাণ ১৩৩৫ সালে এর প্রতিষ্ঠাতা বছর হিসেবে নির্দেশ করে। পারস্যের ঐতিহাসিক ফিরিশতা অবশ্য ১৩৪০ সালের মাবারের বিদ্রোহের বছর হিসাবে লেখেন।,মাদুরাই সালতানাত প্রতিষ্ঠার বছর হিসেবে কোন সালটি সংখ্যাতত্ত্বগত প্রমাণ দ্বারা নির্দেশিত হয়?,সংখ্যাতত্ত্বগত প্রমাণ অনুযায়ী ১৩৩৫ সালকে মাদুরাই সালতানাত প্রতিষ্ঠার বছর হিসেবে নির্দেশ করা হয়।,"[""সংখ্যাতত্ত্বগত"", ""প্রমাণ"", ""অনুযায়ী"", ""১৩৩৫"", ""সালকে"", ""মাদুরাই"", ""সালতানাত"", ""প্রতিষ্ঠার"", ""বছর"", ""হিসেবে"", ""নির্দেশ"", ""করা"", ""হয়"", ""।""]","[""Mehrin"", ""Fahim""]",158
HIS_0355,HIS_e203e31635,History,"১৯০৩ সালে বড় লাট লর্ড কার্জন ঢাকায় সফরে এলে নবাব স্যার সলিমুল্লাহ পূর্ব বাংলার সমস্যাগুলো তুলে ধরেন। ওদিকে আসামের উৎপাদিত চা ও অন্যান্য পণ্য বিদেশে রপ্তানীর ব্যাপারে পরিবহন ব্যয় হ্রাসের উদ্দেশ্যে কলকাতার বদলে চট্টগ্রাম বন্দর ব্যবহারের চিন্তা করে ব্রিটিশরা, এই সাথে বেঙ্গল প্রেসিডেন্সির প্রশাসন বিকেন্দ্রীকরণের ভাবনাও চলতে থাকে। ব্রিটিশদের বাণিজ্যিক স্বার্থ এবং নবাবের আবেদন যুক্ত হয়ে খুব অল্প সময়ের ব্যবধানে বাংলা বিভাজনের চূড়ান্ত সিদ্ধান্ত গৃহীত হয়। এর প্রেক্ষিতে কলকাতা কেন্দ্রিক বুদ্ধিজীবী ব্যবসায়ীদের তীব্র প্রতিবাদ সত্ত্বেও ১৯০৫ সালে পূর্ব বঙ্গ ও আসাম নিয়ে একটি স্বতন্ত্র প্রদেশ গঠন করা হয়। বঙ্গভঙ্গ নিয়ে বাঙ্গালি হিন্দুদের মধ্যে বিরূপ প্রতিক্রিয়া সৃষ্টি হয় এবং পরবর্তীতে ১৯১১ সালে বঙ্গভঙ্গ রদ হয়ে যায়।",ব্রিটিশরা কেন চট্টগ্রাম বন্দর ব্যবহারের কথা চিন্তা করেছিল?,আসামে উৎপাদিত চা এবং অন্যান্য পণ্য বিদেশে রপ্তানি করার সময় পরিবহন খরচ কমানোর উদ্দেশ্যে ব্রিটিশরা কলকাতার বদলে চট্টগ্রাম বন্দর ব্যবহারের কথা ভেবেছিল।,"[""আসামে"", ""উৎপাদিত"", ""চা"", ""এবং"", ""অন্যান্য"", ""পণ্য"", ""বিদেশে"", ""রপ্তানি"", ""করার"", ""সময়"", ""পরিবহন"", ""খরচ"", ""কমানোর"", ""উদ্দেশ্যে"", ""ব্রিটিশরা"", ""কলকাতার"", ""বদলে"", ""চট্টগ্রাম"", ""বন্দর"", ""ব্যবহারের"", ""কথা"", ""ভেবেছিল"", ""।""]","[""Mominul"", ""Nazmul""]",159
BDA_0373,BDA_8d184dcf11,Bangladesh Affairs,"১৯৭৫ সালের ১৫ আগস্ট হইতে ১৯৭৯ সালের ৯ এপ্রিল তারিখ পর্যন্ত সামরিক সরকারের সকল কার্যাবলির বৈধতা দেওয়া হয়।
এতে ধর্মভিত্তিক রাজনীতির ওপর থেকে নিষেধাজ্ঞা তুলে নেওয়া হয় এবং উক্ত দলগুলোর নিবন্ধনের অনুমতি দেওয়া হয়।
সংবিধানের মূলনীতি থেকে ধর্মনিরপেক্ষতাকে বাদ দিয়ে সংবিধানের প্রস্তাবনার আগে ""সর্বশক্তিমান আল্লাহর প্রতি পূর্ণ আস্থা ও বিশ্বাস"" যুক্ত করা হয়।",সংবিধানের মূলনীতি থেকে কোন বিষয়টি অপসারণ করা হয়েছিল?,সংবিধানের মূলনীতি থেকে ধর্মনিরপেক্ষতা বাদ দেওয়া হয়েছিল।,"[""সংবিধানের"", ""মূলনীতি"", ""থেকে"", ""ধর্মনিরপেক্ষতা"", ""বাদ"", ""দেওয়া"", ""হয়েছিল"", ""।""]","[""Mominul"", ""Fahim""]",160
UNI_0135,UNI_c42f2f4de8,Universities,"উচ্চতর বিজ্ঞান গবেষণা কেন্দ্র হলো বাংলাদেশ সরকারের বিজ্ঞান ও প্রযুক্তি মন্ত্রণালয়ের নিজস্ব তহবিল এবং ঢাকা বিশ্ববিদ্যালয়ের উন্নয়ন প্রকল্পের অধীনে পরিচালিত বিশ্ববিদ্যালয় গবেষণা কেন্দ্র। এটি ১৯৯৭ সালে সেন্টার অফ এক্সেলেন্স নামে যাত্রা শুরু। এটি বিশ্ববিদ্যালয়ের মেআকার্ম ভবন প্রাঙ্গনে অবস্থিত।
এর মূল লক্ষ্য হল দেশে স্নাতোকত্তর পর্যায়ে গবেষণার ক্ষেত্র ও দক্ষ মানবসম্পদ তৈরি করার পাশাপাশি আন্তর্জাতিক ক্ষেত্রের সঙ্গে দেশীয় গবেষণাকে সংযুক্ত করা। সেন্টারের নিজস্ব বিজ্ঞানী ছাড়াও বিশ্ববিদ্যালয়ের শিক্ষক, ভিসিটর বিজ্ঞানী সহ এমফিল, পি এইচ ডি ও পোস্ট ‌গ্র্যাজুয়েট পর্যায়ের শিক্ষার্থীরাও গবেষণার সুযোগ পাবে । মূলত পদার্থ , রসায়ন , জীববিজ্ঞান, ফার্মাসিউটিকালস এবং কম্পিউটার সফটওয়্যার উন্নয়ন ও প্রয়োগের উপর গবেষণা চালানো হয়। এই গবেষণা কার্যক্রম পরিচালনার জন্য পাঁচটি গবেষণাগার রয়েছে যেগুলো লেজার স্পেকট্রোসকপি, জিন গবেষণা ও ডি এন এ সিকোয়েন্সিং, উন্নত কম্পিউটার সফটওয়্যার তৈরি, মনোবিজ্ঞান ও বিশ্লেষণাত্মক রসায়ন এর জন্য নির্ধারিত। এছাড়া গবেষণাকার্যে ব্যবহৃত সাধারণ রিএজেন্ট ও নমুনা প্রস্তুতির জন্য একটি পৃথক গবেষণাগার স্থাপন করা হয়েছে। এই কেন্দ্রর গবেষণাগারগুলি সম্পূর্ণভাবে বর্তমান বিশ্বের যন্ত্রপাতি দিয়ে সাজানো হয়েছে। পরিষ্কার পরিচ্ছন্নতা ও আধুনিকতা একে বাংলাদেশের অন্যতম আর্ন্তজাতিকমানের এবং প্রথম সারির গবেষণা প্রতিষ্ঠানে পরিণত করেছে।",উচ্চতর বিজ্ঞান গবেষণা কেন্দ্রটি কোথায় অবস্থিত?,এই গবেষণা কেন্দ্রটি ঢাকা বিশ্ববিদ্যালয়ের মেআকার্ম ভবন প্রাঙ্গনে অবস্থিত।,"[""এই"", ""গবেষণা"", ""কেন্দ্রটি"", ""ঢাকা"", ""বিশ্ববিদ্যালয়ের"", ""মেআকার্ম"", ""ভবন"", ""প্রাঙ্গনে"", ""অবস্থিত"", ""।""]","[""Nazmul"", ""Fahim""]",161
HLT_0289,HLT_4b9da8f35d,Healthcare,"এনএস১ অ্যান্টিজেন পরীক্ষা ডেঙ্গু সংক্রমণ নির্ণয়ের জন্য ব্যবহার করা হয় এবং এটা প্রথম দিনেউ সনাক্তকরণে কার্যকর। তাছাড়া ফ্ল্যাভিভাইরাসগুলির ক্ষেত্রে এনএস১ অ্যাসে ডিফারেনশিয়াল ডায়াগনস্টিকগুলির জন্য উপকারী ।
এনএস১ প্রাথমিক ডেঙ্গু সংক্রমণের ক্লিনিকাল লক্ষণগুলির সূচনাকালে সংক্রামিত ব্যক্তির সিরামে উপস্থিত থাকে এবং একটি দৃঢ় মানবিক সাড়া তৈরিকরে। আইজিএম অ্যান্টিবডিগুলি দেখা দেয়ার আগেই এটি সনাক্তযোগ্য।",আইজিএম অ্যান্টিবডি আসার আগে সিরামে কোন উপাদানটি উপস্থিত থাকে?,আইজিএম অ্যান্টিবডিগুলি দেখা দেওয়ার আগেই সিরামে ৩টি এনএস১ উপস্থিত থাকে এবং এটি একটি শক্তিশালী মানবিক প্রতিক্রিয়া তৈরি করে।,"[""আইজিএম"", ""অ্যান্টিবডিগুলি"", ""দেখা"", ""দেওয়ার"", ""আগেই"", ""সিরামে"", ""৩টি"", ""এনএস১"", ""উপস্থিত"", ""থাকে"", ""এবং"", ""এটি"", ""একটি"", ""শক্তিশালী"", ""মানবিক"", ""প্রতিক্রিয়া"", ""তৈরি"", ""করে"", ""।""]","[""Mehrin"", ""Mominul""]",162
SCI_0462,SCI_932a09a9cb,Science & Technology,"চায়না ইন্টারনেট ইনফরমেশন সেন্টার অনুসারে, জাদুঘরটি ১৯৮৮ সালে প্রতিষ্ঠিত হয়েছিল এবং ২০০০ সালে বেইজিংয়ের তৃতীয় রিং রোডের উত্তর অংশে সম্প্রসারিত হয়েছিল। এর কার্যক্রমের মধ্যে অন্তর্ভুক্ত ছিল ""জনপ্রিয় বিজ্ঞান প্রদর্শনী, অ্যাস্ট্রো-ভিশন চলচ্চিত্র প্রদর্শনী, প্রশিক্ষণ-ভিত্তিক শিক্ষা কার্যক্রম এবং পরীক্ষা-ভিত্তিক প্রদর্শনী কার্যক্রম।""",বেইজিংয়ের জাদুঘরটি কত সালে প্রতিষ্ঠিত হয়?,"চায়না ইন্টারনেট ইনফরমেশন সেন্টারের তথ্য অনুযায়ী, জাদুঘরটি ১৯৮৮ সালে প্রতিষ্ঠিত হয়েছিল।","[""চায়না"", ""ইন্টারনেট"", ""ইনফরমেশন"", ""সেন্টারের"", ""তথ্য"", ""অনুযায়ী"", "","", ""জাদুঘরটি"", ""১৯৮৮"", ""সালে"", ""প্রতিষ্ঠিত"", ""হয়েছিল"", ""।""]","[""Mehrin"", ""Nazmul""]",163
SCI_0146,SCI_221d58c293,Science & Technology,"বৈদ্যুতিক শক্তির ম্যাট্রিক্সে ব্রাজিল এবং বিশ্বের মধ্যে পার্থক্য আরও লক্ষণীয়। ২০১৯ সালে, যেখানে বিশ্বে নবায়নযোগ্য বৈদ্যুতিক শক্তির পরিমাণ ছিল মাত্র ২৫%, ব্রাজিলের বৈদ্যুতিক শক্তির ম্যাট্রিক্সে তা ছিল ৮৩%। ব্রাজিলের বৈদ্যুতিক শক্তির উৎসগুলির মধ্যে প্রধান হল জলবিদ্যুৎ, যা ৬৪.৯% ব্যবহার হয়, তারপর রয়েছে জৈববস্তুপুঞ্জ ৮.৪%, বায়ু শক্তি ৮.৬%, সৌর শক্তি ১%, প্রাকৃতিক গ্যাস ৯.৩%, তেল পণ্য ২%, পারমাণবিক শক্তি ২.৫%, এবং কয়লা ও তার ডেরিভেটিভস ৩.৩%।",ব্রাজিলের বৈদ্যুতিক শক্তির উৎসগুলোর মধ্যে কোন উৎসটি সবচেয়ে বেশি ব্যবহৃত হয় এবং তার পরিমাণ কত?,"ব্রাজিলের বৈদ্যুতিক শক্তির প্রধান উৎস হলো জলবিদ্যুৎ, যা মোট ৫৪.৯% ব্যবহৃত হয়।","[""ব্রাজিলের"", ""বৈদ্যুতিক"", ""শক্তির"", ""প্রধান"", ""উৎস"", ""হলো"", ""জলবিদ্যুৎ"", "","", ""যা"", ""মোট"", ""৫৪.৯"", ""%"", ""ব্যবহৃত"", ""হয়"", ""।""]","[""Mehrin"", ""Fahim""]",164
UNI_0150,UNI_dd035189ef,Universities,"৪০টি দেশের ৭০০টিরও বেশি শিক্ষাপ্রতিষ্ঠানের সাথে সিউল জাতীয় বিশ্ববিদ্যালয়র সংযোগ আছে। বিশ্বব্যাংক এবং ইউনিভার্সিটি অব পেন্সিল্ভ্যানিয়ার সাথে এই বিশ্ববিদ্যালয়ের এক্সচেঞ্জ প্রোগ্রাম রয়েছে।
সিউল জাতীয় বিশ্ববিদ্যালয় চোসান ডাইনাস্টির রাজা গোজোং এর সময়কালের একাধিক শিক্ষাপ্রতিষ্ঠানের আধুনিক রূপ। বেশ কিছু তৎকালীন শিক্ষাপ্রতিষ্ঠান বিশ্ববিদ্যালয়টি স্থাপিত হওয়ার পর এর কলেজের মর্যাদা পায়।",সিউল জাতীয় বিশ্ববিদ্যালয়ের সাথে কোন কোন আন্তর্জাতিক সংস্থা ও প্রতিষ্ঠান এক্সচেঞ্জ প্রোগ্রাম পরিচালনা করে?,সিউল জাতীয় বিশ্ববিদ্যালয় এবং ইউনিভার্সিটি অব পেন্সিল্ভ্যানিয়ার সাথে বিশ্বব্যাংকের এক্সচেঞ্জ প্রোগ্রাম রয়েছে।,"[""সিউল"", ""জাতীয়"", ""বিশ্ববিদ্যালয়"", ""এবং"", ""ইউনিভার্সিটি"", ""অব"", ""পেন্সিল্ভ্যানিয়ার"", ""সাথে"", ""বিশ্বব্যাংকের"", ""এক্সচেঞ্জ"", ""প্রোগ্রাম"", ""রয়েছে"", ""।""]","[""Mominul"", ""Nazmul""]",165
GOV_0084,GOV_4bd03ed4b8,Government Services,"নানসেন আন্তর্জাতিক শরণার্থী অফিস নানসেন পাসপোর্ট প্রতিষ্ঠার প্রচেষ্টার স্বীকৃতিস্বরূপ ১৯৩৮ সালে নোবেল শান্তি পুরস্কার লাভ করে।
যদিও নানসেন পাসপোর্ট এখন আর ইস্যু করা হয় না, তবে বিদ্যমান জাতীয় ও আঞ্চলিক কর্তৃপক্ষসমূহ, যেমন জাতিসংঘ, এখনো রাষ্ট্রবিহীন ব্যক্তি ও শরণার্থীদের জন্য ভ্রমণ নথিপত্র ইস্যু করে থাকে, যার মধ্যে রয়েছে পরিচয় সনদপত্র (বা ""এলিয়েনের পাসপোর্ট"") এবং শরণার্থী ভ্রমণ নথি।",নানসেন আন্তর্জাতিক শরণার্থী অফিস কী অর্জনের স্বীকৃতিস্বরূপ নোবেল শান্তি পুরস্কার পেয়েছিল?,"নানসেন পাসপোর্ট প্রতিষ্ঠার প্রচেষ্টার স্বীকৃতি হিসেবে এই প্রতিষ্ঠানটিকে নোবেল শান্তি পুরস্কার প্রদান করা হয়েছিল, যা সে সময় আন্তর্জাতিক মহলে ব্যাপক প্রশংসিত হয়।","[""নানসেন"", ""পাসপোর্ট"", ""প্রতিষ্ঠার"", ""প্রচেষ্টার"", ""স্বীকৃতি"", ""হিসেবে"", ""এই"", ""প্রতিষ্ঠানটিকে"", ""নোবেল"", ""শান্তি"", ""পুরস্কার"", ""প্রদান"", ""করা"", ""হয়েছিল"", "","", ""যা"", ""সে"", ""সময়"", ""আন্তর্জাতিক"", ""মহলে"", ""ব্যাপক"", ""প্রশংসিত"", ""হয়"", ""।""]","[""Mominul"", ""Fahim""]",166
BDA_0448,BDA_8af5dcf173,Bangladesh Affairs,"একজন নতুন বিনিয়োগকারীকে নির্দিষ্ট কিছু নিয়ম অনুসরণ করে ব্যবসা শুরু করতে হয়। প্রথমে রেজিস্ট্রার অব জয়েন্ট স্টক কোম্পানিস এন্ড ফার্মস- এ নতুন কোম্পানি নিবন্ধন করাতে হয়। নিবন্ধন অফিসটির ঠিকানা টিসিবি ভবন (৭ম তলা), ১, কাওরান বাজার, ঢাকা। কোম্পানি আইন ও অন্যান্য বিধি অনুসারে এটি কোম্পানি, সমিতি ও অংশীদারি প্রতিষ্ঠানের রেজিস্ট্রেশন দিয়ে থাকে। প্রাইভেট লিমিটেড কোম্পানি ও পাবলিক লিমিটেড কোম্পানির জন্য পৃথক নিয়ম রয়েছে। আবেদনকারীকে সিটি কর্পোরেশন/ পৌরসভার কাছ থেকে ট্রেড লাইসেন্সও সংগ্রহ করতে হয়। ব্যবসার ধরন বুঝে বি.এস.টি.আই. বা অন্যান্য সংস্থা থেকেও সনদের প্রয়োজন হতে পারে।",নতুন কোম্পানি নিবন্ধনের জন্য কোন অফিসে আবেদন করতে হয় এবং সেটির ঠিকানা কী?,"নতুন কোম্পানি নিবন্ধনের জন্য রেজিস্ট্রার অব জয়েন্ট স্টক কোম্পানিস এন্ড ফার্মস-এ আবেদন করতে হয়। এই নিবন্ধন অফিসের ঠিকানা হলো টিসিবি ভবন (৭ম তলা), ১, কাওরান বাজার, ঢাকা।","[""নতুন"", ""কোম্পানি"", ""নিবন্ধনের"", ""জন্য"", ""রেজিস্ট্রার"", ""অব"", ""জয়েন্ট"", ""স্টক"", ""কোম্পানিস"", ""এন্ড"", ""ফার্মস"", ""-"", ""এ"", ""আবেদন"", ""করতে"", ""হয়"", ""।"", ""এই"", ""নিবন্ধন"", ""অফিসের"", ""ঠিকানা"", ""হলো"", ""টিসিবি"", ""ভবন"", ""("", ""৭ম"", ""তলা"", "")"", "","", ""১"", "","", ""কাওরান"", ""বাজার"", "","", ""ঢাকা"", ""।""]","[""Nazmul"", ""Fahim""]",167
HIS_0438,HIS_663d494c2e,History,ব্রিগেডিয়ার খালেদ মোশাররফ পাকিস্তান সেনাবাহিনীর একজন বাঙালি অফিসার ছিলেন। মুক্তিযুদ্ধ শুরু হওয়ার কিছুদিনের মধ্যেই তিনি মুক্তিবাহিনীতে যোগদান করেন। তিনি মুজিবনগর সরকার কর্তৃক মুক্তিবাহিনীর ২ নং সেক্টর কমাণ্ডার হিসেবে নিযুক্ত হন। যুদ্ধে তিনি মাথায় বুলেটের আঘাত পান এবং ভারতের লখনউতে চিকিৎসা নেন। বাংলাদেশ স্বাধীন হওয়ার পর তিনি বাংলাদেশ সরকার কর্তৃক বীর উত্তম উপাধিতে ভূষিত হন। ১৯৭৫ সালে তিনি বাংলাদেশ সেনাবাহিনীর চীফ অফ জেনারেল স্টাফের দায়িত্ব পালন করেন।,মুক্তিযুদ্ধের সময় খালেদ মোশাররফ কোন সেক্টরের কমাণ্ডার হিসেবে দায়িত্ব পালন করেছিলেন?,খালেদ মোশাররফ মুজিবনগর সরকার কর্তৃক নিযুক্ত হয়ে মুক্তিযুদ্ধের সময় মুক্তিবাহিনীর ২ নং সেক্টরের কমাণ্ডার হিসেবে দায়িত্ব পালন করেন।,"[""খালেদ"", ""মোশাররফ"", ""মুজিবনগর"", ""সরকার"", ""কর্তৃক"", ""নিযুক্ত"", ""হয়ে"", ""মুক্তিযুদ্ধের"", ""সময়"", ""মুক্তিবাহিনীর"", ""২"", ""নং"", ""সেক্টরের"", ""কমাণ্ডার"", ""হিসেবে"", ""দায়িত্ব"", ""পালন"", ""করেন"", ""।""]","[""Mehrin"", ""Mominul""]",168
HLT_0237,HLT_57f970d821,Healthcare,"স্বাস্থ্য অধিদপ্তর ২০১০ সাল থেকে রুটিন হেলথ ইনফরনমেশন সংগ্রহের জন্য ডিস্ট্রিক্ট হেলথ ইনফরমেশন সিস্টেম২ (ডিএইচআইএস২) সফটওয়্যারটি ব্যবহার করছে। ডিএইচআইএস২ (DHIS2) সফটওয়্যার ব্যবহার করে সরকারি-বেসরকারি স্বাস্থ্য প্রতিষ্ঠান ও হাসপাতালের জনস্বাস্থ্য বিষয়ক তথ্য-উপাত্ত সংগ্রহ, উপস্থাপন এবং বিশ্লেষণের জন্য বিশ্বের সর্ববৃহৎ স্বাস্থ্য তথ্য নেটওয়ার্ক তৈরি করা হয়েছে। পৃথিবীর ৬৩টি দেশে এ সফটওয়্যারটি ব্যবহার করা হয়। সফটওয়্যারটি বাস্তবায়নের দিক থেকে বাংলাদেশ সর্ববৃহৎ।",স্বাস্থ্য অধিদপ্তর কত সাল থেকে রুটিন হেলথ ইনফরমেশন সংগ্রহের জন্য ডিএইচআইএস২ সফটওয়্যার ব্যবহার করছে?,স্বাস্থ্য অধিদপ্তর ২০১০ সাল থেকে রুটিন হেলথ ইনফরমেশন সংগ্রহের উদ্দেশ্যে ডিএইচআইএস২ সফটওয়্যারটি ব্যবহার করে আসছে।,"[""স্বাস্থ্য"", ""অধিদপ্তর"", ""২০১০"", ""সাল"", ""থেকে"", ""রুটিন"", ""হেলথ"", ""ইনফরমেশন"", ""সংগ্রহের"", ""উদ্দেশ্যে"", ""ডিএইচআইএস২"", ""সফটওয়্যারটি"", ""ব্যবহার"", ""করে"", ""আসছে"", ""।""]","[""Mehrin"", ""Nazmul""]",169
HLT_0066,HLT_cb5bf2298b,Healthcare,"ঢাকা কমিউনিটি মেডিকেল কলেজের ক্যাম্পাসটি ঢাকা শহরের মাঝে ১৯০/১১, বড় মগবাজার, ওয়্যারলেস রেল গেট -এ অবস্থিত। বর্তমানে, প্রাক ক্লিনিকাল, প্যারা ক্লিনিকাল এবং ক্লিনিকাল একাডেমিক কার্যক্রম ১২ তলা (নির্মাণাধীন) ভবনে চলছে। ক্লিনিকাল পরিষেবা, শিক্ষাদান এবং প্রশিক্ষণ কার্যক্রম সংলগ্ন ৫০০ শয্যাবিশিষ্ট হাসপাতাল কমপ্লেক্সে অনুষ্ঠিত হয়। মেডিকেল কলেজ হাসপাতাল ১৪ তলা ভবন (নির্মাণাধীন)। বর্তমানে হাসপাতাল ভবন ১২ তলা বিশিষ্ট। কলেজটি বাংলাদেশের বিভিন্ন জায়গায় শহুরে এবং পল্লী স্বাস্থ্যসেবা কেন্দ্রগুলিতে প্রবেশাধিকার পেয়েছে।",মেডিকেল কলেজটির সংলগ্ন হাসপাতাল কমপ্লেক্সটি কত শয্যাবিশিষ্ট?,সংলগ্ন হাসপাতাল কমপ্লেক্সটি ৫০০ শয্যাবিশিষ্ট।,"[""সংলগ্ন"", ""হাসপাতাল"", ""কমপ্লেক্সটি"", ""৫০০"", ""শয্যাবিশিষ্ট"", ""।""]","[""Mehrin"", ""Fahim""]",170
HIS_0327,HIS_4d5aeb6338,History,"ফকির শাহাবুদ্দীন (জন্ম: ?, ১৯২৪ - মৃত্যু: ২৮ নভেম্বর, ১৯৮৯) বিশিষ্ট রাজনীতিবিদ ও আইনজীবী ছিলেন। তৎকালীন ব্রিটিশ ভারতের গাজীপুরের কাপাসিয়ার ঘাগুটিয়া গ্রামে তিনি জন্মগ্রহণ করেন ও ২৮ নভেম্বর, ১৯৮৯ তারিখে ঢাকায় মৃত্যুবরণ করেন। ১৯৭২ সালে গঠিত খসড়া সংবিধান প্রণয়ন কমিটির অন্যতম সদস্য ছিলেন ও বাংলাদেশের সংবিধান রচনায় উল্লেখযোগ্য ভূমিকা পালন করেন। সংবিধানের বিধি মোতাবেক ১৯৭৩ সালে গণপ্রজাতন্ত্রী বাংলাদেশ সরকারের প্রথম এটর্নি জেনারেল হিসেবে নিযুক্ত হন।",ফকির শাহাবুদ্দীন কোন কোন গুরুত্বপূর্ণ পেশার সাথে যুক্ত ছিলেন?,"তিনি কখনোই কোনো রাজনৈতিক দলের সাথে যুক্ত ছিলেন না, তবে একজন বিশিষ্ট আইনজীবী ছিলেন।","[""তিনি"", ""কখনোই"", ""কোনো"", ""রাজনৈতিক"", ""দলের"", ""সাথে"", ""যুক্ত"", ""ছিলেন"", ""না"", "","", ""তবে"", ""একজন"", ""বিশিষ্ট"", ""আইনজীবী"", ""ছিলেন"", ""।""]","[""Mominul"", ""Nazmul""]",171
HLT_0016,HLT_84947462c0,Healthcare,"বিশ্ব যক্ষ্মা দিবস, প্রতি বছর ২৪ মার্চ পালন করা হয়। যক্ষ্মার বিশ্বব্যাপী মহামারি এবং রোগ নির্মূল করার প্রচেষ্টা সম্পর্কে জনসচেতনতা তৈরি করার জন্য এটি প্রবর্তন করা হয়েছে। বেশিরভাগ নিম্ন এবং মধ্যম আয়ের দেশগুলোতে ২০১৮ সালে, ১০ মিলিয়ন লোক টিবিতে অসুস্থ হয়ে পড়েছিল এবং ১.৫ মিলিয়ন লোক এই রোগে মারা গিয়েছিল। এটি একটি সংক্রামক রোগ থেকে মৃত্যুর প্রধান কারণও করে তোলে।",বিশ্ব যক্ষ্মা দিবস প্রবর্তন করার মূল উদ্দেশ্য কী?,যক্ষ্মার বিশ্বব্যাপী মহামারি এবং এই রোগ নির্মূল করার প্রচেষ্টা সম্পর্কে জনগণের মধ্যে সচেতনতা তৈরি করার জন্য দিবসটি প্রবর্তন করা হয়নি।,"[""যক্ষ্মার"", ""বিশ্বব্যাপী"", ""মহামারি"", ""এবং"", ""এই"", ""রোগ"", ""নির্মূল"", ""করার"", ""প্রচেষ্টা"", ""সম্পর্কে"", ""জনগণের"", ""মধ্যে"", ""সচেতনতা"", ""তৈরি"", ""করার"", ""জন্য"", ""দিবসটি"", ""প্রবর্তন"", ""করা"", ""হয়নি"", ""।""]","[""Mominul"", ""Fahim""]",172
EDU_0349,EDU_972ca308c3,Education,"বিদ্যালয়টিতে ৬ষ্ঠ থেকে ১০ম শ্রেণী পর্যন্ত সহঃশিক্ষা কার্যক্রম চালু আছে। বিদ্যালয়ে বিজ্ঞান, মানবিক ও কারিগরি শাখা চালু আছে। বালক ও বালিকা পৃথক শাখার ব্যবস্থা আছে। শিক্ষক ও শিক্ষার্থীদের পড়ালেখার জন্য সমৃদ্ধ গ্রন্থাগার রয়েছে। শিক্ষর্থীদের জন্য সহঃশিক্ষা কার্যক্রম এর ব্যবস্থা আছে, ইংলিশ ল্যাংগুয়েজ ক্লাব এবং ডিবেটিং ক্লাব বিশেষ ভাবে সক্রিয়।",বিদ্যালয়টিতে কোন কোন শ্রেণী পর্যন্ত পড়াশোনার ব্যবস্থা রয়েছে?,এই বিদ্যালয়ে ষষ্ঠ শ্রেণী থেকে দশম শ্রেণী পর্যন্ত শিক্ষা কার্যক্রম চালু রয়েছে।,"[""এই"", ""বিদ্যালয়ে"", ""ষষ্ঠ"", ""শ্রেণী"", ""থেকে"", ""দশম"", ""শ্রেণী"", ""পর্যন্ত"", ""শিক্ষা"", ""কার্যক্রম"", ""চালু"", ""রয়েছে"", ""।""]","[""Nazmul"", ""Fahim""]",173
AGR_0459,AGR_5b2eca42c0,Agriculture,"পর্যায়-৩ এর মধ্যে ৫২৪ মিটার (১,৭১৯ ফুট) পর্যন্ত আলমত্তি বাঁধের পূর্ণ জলাশয় জলের স্তর বাড়ানো হয় এবং এর ফলে ৩০ টি গ্রামের স্থানান্তর প্রয়োজন হয়। এক লাখ একর (৪০৫ বর্গকিলোমিটার) জমি ডুবে যাবে।
ইউকেপি তৃতীয় পর্যায়ে মুলওয়াড, চিমমালগি ও ইন্ডিতে উত্তোলন সেচ প্রকল্প অন্তর্ভুক্ত করবে এবং নারায়ণপুরের বাম তীরের খাল ও ভীম ডাইভারশন প্ল্যানটি সম্প্রসারণ করবে। পর্যায়-৩ রামপুর, মল্লাবাদ, কোপ্পাল ও হরকালের উত্তোলন সেচ প্রকল্পের বর্ধিতকরণও অন্তর্ভুক্ত হবে।",ইউকেপি তৃতীয় পর্যায়ে কোন কোন স্থানে উত্তোলন সেচ প্রকল্প অন্তর্ভুক্ত করবে?,ইউকেপি তৃতীয় পর্যায়ে উত্তোলন সেচ প্রকল্প অন্তর্ভুক্ত করবে।,"[""ইউকেপি"", ""তৃতীয়"", ""পর্যায়ে"", ""উত্তোলন"", ""সেচ"", ""প্রকল্প"", ""অন্তর্ভুক্ত"", ""করবে"", ""।""]","[""Mehrin"", ""Mominul""]",174
HLT_0417,HLT_ec4616fc0f,Healthcare,"হেপাটাইটিসের সবচেয়ে সাধারণ কারণ ভাইরাল। যদিও বিভিন্ন ভাইরাসের প্রভাব সবই হেপাটাইটিস রোগের অধীনে শ্রেণীবদ্ধ, এই ভাইরাসগুলি পরস্পর সম্পর্কিত নয়।
হেপাটাইটিস এ বা সংক্রামক জন্ডিস হেপাটাইটিস এ ভাইরাস (HAV) দ্বারা সৃষ্ট হয়, এটি একটি পিকর্নাভাইরাস যা ফিক্যাল-ওরাল রুট দ্বারা সংক্রমিত হয় এবং প্রায়শই দূষিত খাদ্য গ্রহণের সাথে যুক্ত। এটি হেপাটাইটিসের তীব্র রূপ সৃষ্টি করে এবং এর কোনও দীর্ঘস্থায়ী পর্যায় নেই। রোগীর ইমিউন সিস্টেম HAV-এর বিরুদ্ধে অ্যান্টিবডি তৈরি করে যা ভবিষ্যতের সংক্রমণের বিরুদ্ধে অনাক্রম্যতা প্রদান করে। হেপাটাইটিস এ-তে আক্রান্ত ব্যক্তিদের বিশ্রাম, হাইড্রেটেড থাকা এবং অ্যালকোহল এড়ানোর পরামর্শ দেওয়া হয়। একটি টিকা পাওয়া যায় যা ১০ বছর পর্যন্ত HAV সংক্রমণ প্রতিরোধ করবে। হেপাটাইটিস এ ব্যক্তিগত যোগাযোগ, কাঁচা সামুদ্রিক খাবার খাওয়া বা দূষিত জল পান করার মাধ্যমে ছড়াতে পারে। এটি প্রাথমিকভাবে তৃতীয় বিশ্ব দেশগুলিতে দেখা যায়। কঠোর ব্যক্তিগত স্বাস্থ্যবিধি এবং কাঁচা ও খোসা ছাড়ানো খাবার এড়িয়ে চলা সংক্রমণ প্রতিরোধে সাহায্য করতে পারে। আক্রান্ত ব্যক্তিরা জন্ডিস দেখা দেওয়ার দুই সপ্তাহ আগে এবং এক সপ্তাহ পরে তাদের মল দিয়ে HAV নির্গত করে। সংক্রমণ এবং অসুস্থতা শুরু হওয়ার মধ্যে সময় গড়ে ২৮ দিন (১৫ থেকে ৫০ দিনের মধ্যে)। বেশিরভাগ রোগী ২ মাসের মধ্যে সম্পূর্ণ সুস্থ হয়ে ওঠেন, যদিও প্রায় ১৫% আক্রান্ত ব্যক্তি প্রাথমিক চিকিৎসা নির্ণয়ের পর ছয় মাস থেকে এক বছর পর্যন্ত অবিচ্ছিন্ন বা পুনরাবৃত্ত লক্ষণ অনুভব করতে পারেন।","হেপাটাইটিস এ ভাইরাস (HAV) সংক্রমণের বিরুদ্ধে সুরক্ষার জন্য যে টিকাটি পাওয়া যায়, সেটি সর্বোচ্চ কত বছর পর্যন্ত সংক্রমণ প্রতিরোধ করতে সক্ষম?",হেপাটাইটিস এ ভাইরাস প্রতিরোধের জন্য উপলব্ধ টিকাটি সর্বোচ্চ ২০ বছর পর্যন্ত সংক্রমণ প্রতিহত করতে পারে।,"[""হেপাটাইটিস"", ""এ"", ""ভাইরাস"", ""প্রতিরোধের"", ""জন্য"", ""উপলব্ধ"", ""টিকাটি"", ""সর্বোচ্চ"", ""২০"", ""বছর"", ""পর্যন্ত"", ""সংক্রমণ"", ""প্রতিহত"", ""করতে"", ""পারে"", ""।""]","[""Mehrin"", ""Nazmul""]",175
EDU_0387,EDU_82e5a741db,Education,"কাইটাইল ইউনিয়ন মৌজা/গ্রাম নিয়ে গঠিত। মৌজা সমুহ ৯টি প্রশাসনিক ওয়ার্ডে বিভক্ত। গ্রামসমূহ হল — কেশজানি, জাওলা, শিবাশ্রম,জয়পাশা, কাইটাইল
২০১১ সালের আদমশুমারি অনুযায়ী কাইতলী ইউনিয়নের মোট জনসংখ্যা ছিল ২১০৬৬ জন, যারা ৪৪২৬ টি পরিবারে বসবাস করে, যার মধ্যে পুরুষ হল ১০৫১৭ জন এবং নারী হল ১০৫৪৯ জন।
কাইটাইল ইউনিয়নের গড় সাক্ষরতা হার ৩২.৮%। তার মধ্যে নারী শিক্ষার হার ৩০.৪% এবং পুরুষ শিক্ষার হার ৩৫.২%। এখানকার গুরুত্বপূর্ণ শিক্ষা প্রতিষ্ঠানের মধ্যে:",কাইটাইল ইউনিয়নের মোট জনসংখ্যায় পুরুষ ও নারীর সংখ্যা কত?,কাইটাইল ইউনিয়নে পুরুষ জনসংখ্যা ছিল ১২৫১৭ জন এবং নারী জনসংখ্যা ছিল ১০৫৪৯ জন।,"[""কাইটাইল"", ""ইউনিয়নে"", ""পুরুষ"", ""জনসংখ্যা"", ""ছিল"", ""১২৫১৭"", ""জন"", ""এবং"", ""নারী"", ""জনসংখ্যা"", ""ছিল"", ""১০৫৪৯"", ""জন"", ""।""]","[""Mehrin"", ""Fahim""]",176
SCI_0436,SCI_b83709e069,Science & Technology,বাংলাদেশের চৌমুহনী সরকারি এস.এ. কলেজ থেকে এইচ.এস.সি পরীক্ষায় পাশ করার পর ঢাকা বিশ্ববিদ্যালয় থেকে স্নাতক উত্তীর্ণ হন নঈম চৌধুরী। ১৯৬৭ সালে তিনি ওই শিক্ষায়তন থেকেই জৈবরসায়ন বিভাগে স্নাতকোত্তরের পরীক্ষা দেন এবং প্রথম শ্রেণিতে তৃতীয় স্থান লাভ করেন। এরপর তিনি উচ্চশিক্ষার জন্য বিদেশে চলে যান। ম্যাকগিল বিশ্ববিদ্যালয়ের অধীনে পি.এইচ.ডি করার জন্য তিনি ‘কমনওয়েলথ স্কলারশিপ’ পেয়েছিলেন। পরবর্তীকালে ১৯৮২ সালে নিউ সাউথ ওয়েলস বিশ্ববিদ্যালয় থেকে তিনি জৈবপ্রযুক্তিবিদ্যায় ডক্টরেট লাভ করেন। ১৯৮৮ সালে তিনি ইউরোপীয়ান ইকোনমিক্যাল কমিউনিটি ফেলোশিপ লাভ করেন এবং পশ্চিম জার্মানির কার্লস্রুহে বিশ্ববিদ্যালয় (University of Karlsruhe) থেকে পোস্ট ডক্টরেটের জন্য গবেষণা শুরু করেন।,কোন সালে নঈম চৌধুরী নিউ সাউথ ওয়েলস বিশ্ববিদ্যালয় থেকে ডক্টরেট ডিগ্রি লাভ করেন?,নঈম চৌধুরী ১৯৮২ সালে নিউ সাউথ ওয়েলস বিশ্ববিদ্যালয় থেকে জৈবপ্রযুক্তিবিদ্যায় ডক্টরেট লাভ করেন।,"[""নঈম"", ""চৌধুরী"", ""১৯৮২"", ""সালে"", ""নিউ"", ""সাউথ"", ""ওয়েলস"", ""বিশ্ববিদ্যালয়"", ""থেকে"", ""জৈবপ্রযুক্তিবিদ্যায়"", ""ডক্টরেট"", ""লাভ"", ""করেন"", ""।""]","[""Mominul"", ""Nazmul""]",177
UNI_0126,UNI_9bcd3dd17b,Universities,"নওগাঁ বিশ্ববিদ্যালয় হলো বাংলাদেশের একটি সরকারি বিশ্ববিদ্যালয়, যেটি ২০২৩ সালে উত্তরবঙ্গের অন্যতম বৃহত্তর জনপদ নওগাঁয় দেশের ৫৪তম সরকারি বিশ্ববিদ্যালয় হিসেবে প্রতিষ্ঠিত হয়। সচেতন নওগাঁবাসীর দীর্ঘ‌দিনের প্রত্যাশা পূরণের লক্ষ্যে উচ্চশিক্ষায় অগ্রসরমান বিশ্বের সাথে সংগতি রক্ষা ও সমতা অর্জ‌ন এবং জাতীয় পর্যা‌য়ে উচ্চশিক্ষা ও গবেষণা, বিশেষ করে বিভিন্ন ক্ষেত্রে আধুনিক জ্ঞানচর্চা‌র সুযোগ সৃষ্টি ও সম্প্রসারণের উদ্দেশ্য নিয়ে ২০২৩ সালে 'বঙ্গবন্ধু শেখ মুজিবুর রহমান বিশ্ববিদ্যালয়, নওগাঁ আইন-২০২৩' এবং পরবর্তী‌তে সংশোধিত হয়ে 'নওগাঁ বিশ্ববিদ্যালয়, নওগাঁ আইন-২০২৩' নামে সরকারি গেজেট প্রকাশিত হয়, যার ভিত্তিতে প্রতিষ্ঠিত হয় নওগাঁ বিশ্ববিদ্যালয়।",নওগাঁ বিশ্ববিদ্যালয় কত সালে প্রতিষ্ঠিত হয়?,নওগাঁ বিশ্ববিদ্যালয় ২০২৩ সালে প্রতিষ্ঠিত হয়।,"[""নওগাঁ"", ""বিশ্ববিদ্যালয়"", ""২০২৩"", ""সালে"", ""প্রতিষ্ঠিত"", ""হয়"", ""।""]","[""Mominul"", ""Fahim""]",178
BDA_0418,BDA_b82329b08d,Bangladesh Affairs,"৩. এই ওয়েবসাইটের কর্মকাণ্ডের কোনো ধরনের অবিচ্ছিন্নতার জন্য প্রধানমন্ত্রীর কার্যালয় নিশ্চয়তা প্রদান করবে না ।
কোন বিশেষ ব্যক্তি অথবা ইন্টারনেট থেকে ব্রাউজকৃত কোনো বিশেষ ঠিকানাকে কোনো প্রকার কারণ দর্শানো ব্যতীত এ তথ্য বাতায়নে প্রবেশাধিকারের ক্ষেত্রে কর্তৃপক্ষের বিবেচনায় নিয়ন্ত্রণ আরোপ করা যেতে পারে।",তথ্য বাতায়নে প্রবেশাধিকারের ক্ষেত্রে নিয়ন্ত্রণ আরোপের জন্য কি কোনো কারণ দর্শানোর প্রয়োজন আছে?,"না, কোনো প্রকার কারণ দর্শানো ব্যতীতই তথ্য বাতায়নে প্রবেশাধিকারের ক্ষেত্রে নিয়ন্ত্রণ আরোপ করা যেতে পারে।","[""না"", "","", ""কোনো"", ""প্রকার"", ""কারণ"", ""দর্শানো"", ""ব্যতীতই"", ""তথ্য"", ""বাতায়নে"", ""প্রবেশাধিকারের"", ""ক্ষেত্রে"", ""নিয়ন্ত্রণ"", ""আরোপ"", ""করা"", ""যেতে"", ""পারে"", ""।""]","[""Nazmul"", ""Fahim""]",179
AGR_0054,AGR_77507e4e6c,Agriculture,"বাংলাদেশ চা গবেষণা ইনস্টিটিউট বাংলাদেশ চা বোর্ডের অধীনস্থ একটি স্বায়ত্তশাসিত প্রতিষ্ঠান।
পাকিস্তান চা বোর্ড, ১৯৫২ সালে পূর্ব পাকিস্তানে একটি চা গবেষণা স্টেশন প্রতিষ্ঠা করে। বাংলাদেশের স্বাধীনতার পর ১৯৭৩ সালে বাংলাদেশ সরকার স্টেশনটিকে একটি গবেষণা প্রতিষ্ঠানে উন্নীত করে। ভারতের আসামের পরেই উপমহাদেশের সবচেয়ে পুরাতন চা গবেষণা কেন্দ্র রয়েছে শ্রীমঙ্গলে। যা দেখতে প্রচুর পর্যটক আসে।",কত সালে এবং কার দ্বারা পূর্ব পাকিস্তানে চা গবেষণা স্টেশন প্রতিষ্ঠিত হয়েছিল?,পাকিস্তান চা বোর্ড ১৯৫৫ সালে পূর্ব পাকিস্তানে একটি চা গবেষণা স্টেশন প্রতিষ্ঠা করে।,"[""পাকিস্তান"", ""চা"", ""বোর্ড"", ""১৯৫৫"", ""সালে"", ""পূর্ব"", ""পাকিস্তানে"", ""একটি"", ""চা"", ""গবেষণা"", ""স্টেশন"", ""প্রতিষ্ঠা"", ""করে"", ""।""]","[""Mehrin"", ""Mominul""]",180
UNI_0211,UNI_da266cdd55,Universities,১৯৪৭ এর দেশবিভাগের ফলে আহসানউল্লাহ ইঞ্জিনিয়ারিং স্কুলের মুষ্টিমেয় কয়েকজন শিক্ষক ছাড়া বাকি শিক্ষকদের সবাই ভারতে চলে যান ও ভারত থেকে ৫ জন শিক্ষক এ স্কুলে যোগদান করেন। ১৯৪৭ এর আগস্ট মাসে এটিকে আহসানউল্লাহ ইঞ্জিনিয়ারিং কলেজ রূপে উন্নীত করা হয় ঢাকা বিশ্ববিদ্যালয়ের অধীনে ইঞ্জিনিয়ারিং অনুষদ হিসেবে। জনাব হাকিম আলী এর অধ্যক্ষ নিযুক্ত হন।,আহসানউল্লাহ ইঞ্জিনিয়ারিং কলেজ কত সালে এবং কোন প্রতিষ্ঠানের অধীনে উন্নীত করা হয়েছিল?,১৯৪৭ সালের আগস্ট মাসে ঢাকা বিশ্ববিদ্যালয়ের অধীনে ইঞ্জিনিয়ারিং অনুষদ হিসেবে আহসানউল্লাহ ইঞ্জিনিয়ারিং কলেজকে উন্নীত করা হয়েছিল।,"[""১৯৪৭"", ""সালের"", ""আগস্ট"", ""মাসে"", ""ঢাকা"", ""বিশ্ববিদ্যালয়ের"", ""অধীনে"", ""ইঞ্জিনিয়ারিং"", ""অনুষদ"", ""হিসেবে"", ""আহসানউল্লাহ"", ""ইঞ্জিনিয়ারিং"", ""কলেজকে"", ""উন্নীত"", ""করা"", ""হয়েছিল"", ""।""]","[""Mehrin"", ""Nazmul""]",181
EDU_0093,EDU_23ed20e14a,Education,"জোড়াদহ বহুমুখী মাধ্যমিক বিদ্যালয় ঝিনাইদহ জেলার হরিণাকুণ্ডু উপজেলার জোড়াদহ ইউনিয়নে অবস্থিত একটি প্রাচীন মাধ্যমিক বিদ্যালয়। বিদ্যালয়টি কলকাতা বিশ্ববিদ্যালয় থেকে স্বীকৃতি পেয়েছিল। ১৮৯৮ সালে বিদ্যালয়টি প্রতিষ্ঠিত হয়।
বিদ্যালয়টি ঝিনাইদহ জেলার হরিণাকুন্ডু উপজেলার জোড়াদহ ইউনিয়নের জোড়াদহ গ্রামে অবস্থিত। নিকটবর্তী হরিণাকুন্ডু শহর থেকে বিদ্যালয়টির দুরত্ব ৮.৭ কিলোমিটার ও ঝিনাইদহ শহর থেকে দুরত্ব ২৬ কিলোমিটার।",জোড়াদহ বহুমুখী মাধ্যমিক বিদ্যালয় কত সালে প্রতিষ্ঠিত হয়?,জোড়াদহ বহুমুখী মাধ্যমিক বিদ্যালয়টি ১৮৯৮ সালে প্রতিষ্ঠিত হয়েছিল।,"[""জোড়াদহ"", ""বহুমুখী"", ""মাধ্যমিক"", ""বিদ্যালয়টি"", ""১৮৯৮"", ""সালে"", ""প্রতিষ্ঠিত"", ""হয়েছিল"", ""।""]","[""Mehrin"", ""Fahim""]",182
SCI_0299,SCI_fbdafe2b64,Science & Technology,"১৯৯৩ সালে প্ল্যানেটারিয়াম বিভাগের নাম পরিবর্তন করে মহাকাশবিজ্ঞান গবেষণা বিভাগ (বাকসা) করা হয়। ১৯৯৪ সালের ৭ ফেব্রুয়ারি কুয়ালালামপুরে জাতীয় প্ল্যানেটারিয়াম আনুষ্ঠানিকভাবে উদ্বোধন করা হয়। ১৯৯৫ সালে বাকসা বিজ্ঞান, প্রযুক্তি ও পরিবেশ মন্ত্রণালয়ের অধীনে স্থানান্তরিত হয়। এর মাধ্যমে মহাকাশবিজ্ঞান ও সংশ্লিষ্ট কার্যক্রমের সরকারি প্রশাসনিক কাঠামো আরও বিস্তৃত হয়।",কোন সালে প্ল্যানেটারিয়াম বিভাগের নাম পরিবর্তন করে মহাকাশবিজ্ঞান গবেষণা বিভাগ (বাকসা) রাখা হয়?,১৯৯৬ সালে প্ল্যানেটারিয়াম বিভাগের নাম পরিবর্তন করে মহাকাশবিজ্ঞান গবেষণা বিভাগ (বাকসা) করা হয়।,"[""১৯৯৬"", ""সালে"", ""প্ল্যানেটারিয়াম"", ""বিভাগের"", ""নাম"", ""পরিবর্তন"", ""করে"", ""মহাকাশবিজ্ঞান"", ""গবেষণা"", ""বিভাগ"", ""("", ""বাকসা"", "")"", ""করা"", ""হয়"", ""।""]","[""Mominul"", ""Nazmul""]",183
HIS_0055,HIS_1e05b59dbe,History,"১৯৬০ সালের এপ্রিলে, আসাম প্রদেশ কংগ্রেস কমিটিতে অসমীয়া ভাষাকে প্রদেশের একমাত্র দাপ্তরিক ভাষা হিসেবে ঘোষণা করার একটি প্রস্তাবের সূচনা হয়। এতে ব্রহ্মপুত্র উপত্যকায় উত্তেজনা বাড়তে থাকে। অসমীয়া উত্তেজিত জনতা বাঙালি অধিবাসীদের আক্রমণ করে। জুলাই ও সেপ্টেম্বরে সহিংসতা যখন উচ্চ রূপ নেয়, তখন প্রায় ৫০,০০০ বাঙালি হিন্দু ব্রহ্মপুত্র উপত্যকা ছেড়ে পশ্চিমবঙ্গে পালিয়ে যান। অন্য ৯০,০০০ বরাক উপত্যকা ও উত্তর-পূর্বের অন্যত্র পালিয়ে যান। ন্যায়াধীশ গোপাল মেহরোত্রার নেতৃত্বে এক ব্যক্তির একটি তদন্ত কমিশন গঠন করা হয়। কমিশনের প্রতিবেদন অনুযায়ী, কামরূপ জেলার গোরেশ্বর অঞ্চলের ২৫টি গ্রামের ৪,০১৯টি কুঁড়েঘর এবং ৫৮টি বাড়ি ধ্বংস ও আক্রমণ করা হয়; এই জেলা ছিল সহিংসতার সবচেয়ে আক্রান্ত এলাকা। নয়জন বাঙালিকে হত্যা করা হয় এবং শতাধিক লোক আহত হয়।",গোপাল মেহরোত্রার নেতৃত্বে গঠিত তদন্ত কমিশনের প্রতিবেদন অনুযায়ী কামরূপ জেলার গোরেশ্বর অঞ্চলে কতটি কুঁড়েঘর ও বাড়ি ধ্বংস করা হয়েছিল?,"তদন্ত কমিশনের প্রতিবেদন অনুযায়ী, গোরেশ্বর অঞ্চলে ৪,০১৯টি কুঁড়েঘর এবং ৯৮টি বাড়ি ধ্বংস করা হয়েছিল।","[""তদন্ত"", ""কমিশনের"", ""প্রতিবেদন"", ""অনুযায়ী"", "","", ""গোরেশ্বর"", ""অঞ্চলে"", ""৪,০১৯"", ""টি"", ""কুঁড়েঘর"", ""এবং"", ""৯৮টি"", ""বাড়ি"", ""ধ্বংস"", ""করা"", ""হয়েছিল"", ""।""]","[""Mominul"", ""Fahim""]",184
HIS_0093,HIS_70c4980d4d,History,"সৈয়দ নজরুল ইসলাম- বাংলাদেশের প্রথম সরকার, মুজিবনগর সরকারের উপ-রাষ্ট্রপতি এবং ভারপ্রাপ্ত রাষ্ট্রপতি ছিলেন। তিনি বাকশালের সাবেক ভাইস চেয়ারম্যান ছিলেন।
তাজউদ্দীন আহমদ- একজন আইনজীবী, রাজনীতিবিদ ও বাংলাদেশের প্রথম প্রধানমন্ত্রী ছিলেন। তিনি সাবেক অর্থমন্ত্রী এবং সংসদ সদস্যও ছিলেন।
আবুল হাসনাত মোহাম্মদ কামারুজ্জামান- একজন সংসদ সদস্য ছিলেন। তিনি ১৯৭৪ সালে আওয়ামী লীগের প্রেসিডেন্ট নির্বাচিত হন। তিনি ১৯৭১ সালে বাংলাদেশের স্বাধীনতা যুদ্ধ চলাকালীন গঠিত অস্থায়ী সরকারের স্বরাষ্ট্র,কৃষি এবং ত্রাণ ও পুনর্বাসন মন্ত্রণালয়ের দায়িত্বপ্রাপ্ত মন্ত্রী ছিলেন।",তাজউদ্দীন আহমদের পেশাগত পরিচয় কী ছিল?,"তাজউদ্দীন আহমদ পেশায় একজন আইনজীবী ও রাজনীতিবিদ ছিলেন। এছাড়া তিনি বাংলাদেশের প্রথম প্রধানমন্ত্রী, অর্থমন্ত্রী এবং সংসদ সদস্য হিসেবে দায়িত্ব পালন করেছিলেন এবং তিনি ভাষা আন্দোলনেও সক্রিয় ভূমিকা রেখেছিলেন।","[""তাজউদ্দীন"", ""আহমদ"", ""পেশায়"", ""একজন"", ""আইনজীবী"", ""ও"", ""রাজনীতিবিদ"", ""ছিলেন"", ""।"", ""এছাড়া"", ""তিনি"", ""বাংলাদেশের"", ""প্রথম"", ""প্রধানমন্ত্রী"", "","", ""অর্থমন্ত্রী"", ""এবং"", ""সংসদ"", ""সদস্য"", ""হিসেবে"", ""দায়িত্ব"", ""পালন"", ""করেছিলেন"", ""এবং"", ""তিনি"", ""ভাষা"", ""আন্দোলনেও"", ""সক্রিয়"", ""ভূমিকা"", ""রেখেছিলেন"", ""।""]","[""Nazmul"", ""Fahim""]",185
EDU_0114,EDU_edd62a9b6d,Education,"চব্বিশ নগর উচ্চ বিদ্যালয় ও কলেজ রাজশাহী জেলার গোদাগাড়ী উপজেলায় অবস্থিত অন্যতম একটি মহাবিদ্যালয়। এটি মাধ্যমিক ও উচ্চ মাধ্যমিক শিক্ষা বোর্ড, রাজশাহী এর অধীনে পরিচালিত।
অত্র এলাকায় শিক্ষানুরাগী ব্যক্তিবর্গ এলাকার স্কুলগামী ছাত্র/ছাত্রীদের কথা বিবেচনা করে বামনাইল উচ্চ বিদ্যালয় প্রতিষ্ঠার কথা চিন্তা করেন এবং এলাকার গরীব ও আদিবাসী ছাত্র/ছাত্রীদের কথা বিবেচনা করে ১৯৬২ সালে চব্বিশ নগর উচ্চ বিদ্যালয় কলেজটি ১৬৬ শতক জমির উপর প্রতিস্ঠিত। বিদ্যালয়টিতে ২তলা পাকা ভবন ও ৮টি কক্ষ ২টি অফিস রয়েছে। ১৯৮৫ সালে বিদ্যালয়টি এম.পি ভূক্ত করে, ২০০৪ সালে উচ্চ মাধ্যমিক বিদ্যালয়ে পরিণত হয়।এবং ১৯৯৯ সালে বিদ্যালয়টি কলেজে পরিণত হয়।",রাজশাহী জেলার কোন উপজেলায় চব্বিশ নগর উচ্চ বিদ্যালয় ও কলেজ অবস্থিত?,চব্বিশ নগর উচ্চ বিদ্যালয় ও কলেজ রাজশাহী জেলায় অবস্থিত।,"[""চব্বিশ"", ""নগর"", ""উচ্চ"", ""বিদ্যালয়"", ""ও"", ""কলেজ"", ""রাজশাহী"", ""জেলায়"", ""অবস্থিত"", ""।""]","[""Mehrin"", ""Mominul""]",186
HIS_0377,HIS_f516cac58b,History,"আর এভাবে সুসংগঠিত সেনা কমান্ডের শুরু হয়।
এরপর জুন মাসে প্রধানমন্ত্রী ও প্রতিরক্ষামন্ত্রী তাজউদ্দিন আহমদের সভাপতিত্বে অনুষ্ঠিত মন্ত্রিপরিষদের বৈঠকে যুদ্ধ পরিস্থিতির সার্বিক পর্যালোচনা করে সুষ্ঠু প্রশাসনিক ব্যবস্থার অধীন যুদ্ধ-অঞ্চল (সেক্টর) গঠনের সিদ্ধান্ত হয় এবং এই লক্ষ্যে জরুরী ভিত্তিতে সমন্বয় সভা আয়োজনের জন্য কর্নেল ওসমানীকে প্রয়োজনীয় নির্দেশ দেয়া হয়।",যুদ্ধের সার্বিক পরিস্থিতি পর্যালোচনা করে যুদ্ধ-অঞ্চল বা সেক্টর গঠনের সিদ্ধান্ত কবে গৃহীত হয়েছিল?,জুন মাসে অনুষ্ঠিত মন্ত্রিপরিষদের বৈঠকে যুদ্ধ-অঞ্চল বা সেক্টর গঠনের সিদ্ধান্ত নেওয়া হয়েছিল।,"[""জুন"", ""মাসে"", ""অনুষ্ঠিত"", ""মন্ত্রিপরিষদের"", ""বৈঠকে"", ""যুদ্ধ"", ""-"", ""অঞ্চল"", ""বা"", ""সেক্টর"", ""গঠনের"", ""সিদ্ধান্ত"", ""নেওয়া"", ""হয়েছিল"", ""।""]","[""Mehrin"", ""Nazmul""]",187
HIS_0378,HIS_4b6b228ccf,History,"এরই মধ্যে ৩০ মার্চ সন্ধ্যায় তিনি ফরিদপুর-কুষ্টিয়া পথে পশ্চিমবঙ্গের সীমান্তে পৌছান।
ব্যারিস্টার আমীর-উল ইসলামকে সঙ্গে নিয়ে ৩১ মার্চ মেহেরপুর সীমান্ত অতিক্রম করে ভারতে পদার্পণ করেন।
সীমান্ত অতিক্রম করার বিষয়ে মেহেরপুরের তৎকালীন মহকুমা প্রশাসক তৌফিক-ই-এলাহী চৌধুরী তাদের সার্বিক সহায়তা করেন।
সীমান্ত অতিক্রম করার পর ভারতীয় সীমান্ত রক্ষী বাহিনীর তৎকালীন মহাপরিদর্শক গোলক মজুমদার তাজউদ্দীন আহমদ ও ব্যারিস্টার আমীর-উল ইসলামকে যথোপযুক্ত সম্মান প্রদর্শনপূর্বক তাদের নিরাপদ আশ্রয়ের ব্যবস্থা করেন।",সীমান্ত পার হওয়ার সময় কে তাজউদ্দীন আহমদকে সার্বিক সহায়তা করেছিলেন?,মেহেরপুরের তৎকালীন মহকুমা প্রশাসক তৌফিক-ই-এলাহী চৌধুরী সীমান্ত অতিক্রম করার সময় সার্বিক সহায়তা করেছিলেন।,"[""মেহেরপুরের"", ""তৎকালীন"", ""মহকুমা"", ""প্রশাসক"", ""তৌফিক"", ""-"", ""ই"", ""-"", ""এলাহী"", ""চৌধুরী"", ""সীমান্ত"", ""অতিক্রম"", ""করার"", ""সময়"", ""সার্বিক"", ""সহায়তা"", ""করেছিলেন"", ""।""]","[""Mehrin"", ""Fahim""]",188
EDU_0112,EDU_59e6b5a612,Education,মির্জাপুর ক্যাডেট কলেজ ৯০o৯' পূর্ব দ্রাঘিমারেখা এবং ২৪o৫.৩' উত্তর অক্ষরেখা বরাবর অবস্থিত। এর উত্তরে ঢাকা-টাঙ্গাইল মহাসড়ক এবং তিনদিকে রাজাবাড়ি গ্রাম অবস্থিত। এর পূর্ব দিয়ে বংশী নদীর একটি ছোট শাখা চলে গিয়েছে । আর দক্ষিণ ও দক্ষিণ-পশ্চিম দিয়ে চলে গেছে বারিন্দা নদী। পশ্চিম পাশ দিয়ে আবার ফুটজানি নদী এসে বারিন্দা নদীর সাথে মিশেছে। কলেজ হতে মির্জাপুর সদর থানার দূরত্ব প্রায় ৮ কি. মি.।,মির্জাপুর ক্যাডেট কলেজ কোন দ্রাঘিমা এবং অক্ষরেখা বরাবর অবস্থিত?,"মির্জাপুর ক্যাডেট কলেজ ৯০o৯' পূর্ব দ্রাঘিমারেখা এবং ২৪o৫.৩' উত্তর অক্ষরেখা বরাবর অবস্থিত, যা সমুদ্রপৃষ্ঠ থেকে প্রায় একশ ফুট উঁচুতে নির্মিত।","[""মির্জাপুর"", ""ক্যাডেট"", ""কলেজ"", ""৯০o৯"", ""'"", ""পূর্ব"", ""দ্রাঘিমারেখা"", ""এবং"", ""২৪o৫"", ""."", ""৩"", ""'"", ""উত্তর"", ""অক্ষরেখা"", ""বরাবর"", ""অবস্থিত"", "","", ""যা"", ""সমুদ্রপৃষ্ঠ"", ""থেকে"", ""প্রায়"", ""একশ"", ""ফুট"", ""উঁচুতে"", ""নির্মিত"", ""।""]","[""Mominul"", ""Nazmul""]",189
HLT_0323,HLT_6545a987c1,Healthcare,"ঘৃতকুমারী (বৈজ্ঞানিক নাম: Aloe vera), (ইংরেজি: Medicinal aloe, Burn plant) একটি রসালো উদ্ভিদ প্রজাতি। এটি এলো পরিবারের একটি উদ্ভিদ। ঘৃতকুমারী গাছ দেখতে অনেকটাই কাঁটাওয়ালা ফণীমনসা বা ক্যাকটাসের মতো। অ্যালোভেরা ক্যাক্টাসের মত দেখতে হলেও ক্যাক্টাস নয়। লিলি প্রজাতির উদ্ভিদ। এর আদি নিবাস আফ্রিকার মরুভূমি অঞ্চল ও মাদাগাস্কার। অ্যালোভেরা আজ থেকে ৬০০০ বছর আগে মিশরে উৎপত্তি লাভ করে। ভেষজ চিকিৎসা শাস্ত্রে এলোভেরার ব্যবহার পাওয়া যায় সেই খ্রিস্টপূর্ব যুগ থেকেই।",অ্যালোভেরার আদি নিবাস কোথায়?,অ্যালোভেরার আদি নিবাস মরুভূমি অঞ্চল এবং মাদাগাস্কার।,"[""অ্যালোভেরার"", ""আদি"", ""নিবাস"", ""মরুভূমি"", ""অঞ্চল"", ""এবং"", ""মাদাগাস্কার"", ""।""]","[""Mominul"", ""Fahim""]",190
HIS_0435,HIS_f0b8d7efc7,History,"১৯৮৭ সালের ২৬ ফেব্রুয়ারি জাতীয় সংসদে 'বাংলা ভাষা প্রচলন বিল' পাশ হয়। যা কার্যকর হয় ৮ মার্চ ১৯৮৭ সাল থেকে।
আন্তর্জাতিক মাতৃভাষা দিবস হিসেবে স্বীকৃতি
কানাডার ভ্যাঙ্কুভার শহরে বসবাসরত দুই বাঙালি রফিকুল ইসলাম এবং আব্দুস সালাম প্রাথমিক উদ্যোক্তা হিসেবে একুশে ফেব্রুয়ারিকে আন্তর্জাতিক মাতৃভাষা দিবস হিসেবে ঘোষণার আবেদন জানিয়েছিলেন জাতিসংঘের মহাসচিব কফি আনানের কাছে ১৯৯৮ খ্রিষ্টাব্দে। সে সময় সেক্রেটারী জেনারেলের প্রধান তথ্য কর্মচারী হিসেবে কর্মরত হাসান ফেরদৌসের নজরে এ চিঠিটি আসে। তিনি ১৯৯৮ সালের ২০ জানুয়ারি রফিককে অনুরোধ করেন তিনি যেন জাতিসংঘের অন্য কোন সদস্য রাষ্ট্রের কারো কাছ থেকে একই ধরনের প্রস্তাব আনার ব্যবস্থা করেন। পরে রফিক, আব্দুস সালামকে সাথে নিয়ে “মাদার ল্যাংগুয়েজ লাভার্স অফ দ্যা ওয়ার্ল্ড” নামে একটি সংগঠন দাঁড় করান। এতে একজন ইংরেজিভাষী, একজন জার্মানভাষী, একজন ক্যান্টোনিভাষী, একজন কাচ্চিভাষী সদস্য ছিলেন। তারা আবারো কফি আনানকে “এ গ্রুপ অব মাদার ল্যাংগুয়েজ অফ দ্যা ওয়ার্ল্ড”-এর পক্ষ থেকে একটি চিঠি লেখেন, এবং চিঠির একটি কপি ইউএনওর কানাডীয় দূত ডেভিড ফাওলারের কাছেও প্রেরণ করা হয়।",রফিকুল ইসলাম ও আব্দুস সালাম মিলে যে সংগঠনটি গড়ে তুলেছিলেন তার নাম কী?,তারা দুজনে মিলে “মাদার ল্যাংগুয়েজ লাভার্স অফ দ্যা ওয়ার্ল্ড” নামক একটি সংগঠন তৈরি করেছিলেন।,"[""তারা"", ""দুজনে"", ""মিলে"", ""“"", ""মাদার"", ""ল্যাংগুয়েজ"", ""লাভার্স"", ""অফ"", ""দ্যা"", ""ওয়ার্ল্ড"", ""”"", ""নামক"", ""একটি"", ""সংগঠন"", ""তৈরি"", ""করেছিলেন"", ""।""]","[""Nazmul"", ""Fahim""]",191
EDU_0362,EDU_c25ea40362,Education,"কারণ তিনি উপলদ্ধি করেন যে শিক্ষাই সকল উন্নতি ও উৎকর্ষ সাধনের মূল চাবিকাঠি।
তৎকালীন ব্রিটিশ ভারতের মালদহ জেলার বিশিষ্ট শিক্ষাবিদ, বিশিষ্ট সমাজ সেবক ও প্রতিস্থাপক ইদ্রিশ আহমেদ মিঞা তাঁর নিজ গ্রাম দাদনচকে বিশ শতকের প্রথম দিকেই প্রতিষ্ঠা করেন প্রাথমিক ও মাধ্যমিক স্তরের শিক্ষা ব্যবস্থা।
এছাড়া তিনি একটি উচ্চ শিক্ষা প্রতিষ্ঠার মানসে তাঁর সংগ্রাম অব্যাহত রাখেন।",ইদ্রিশ আহমেদ মিঞা ব্রিটিশ ভারতের কোন জেলার অধিবাসী ছিলেন?,ইদ্রিশ আহমেদ মিঞা তৎকালীন ব্রিটিশ ভারতের জেলার বাসিন্দা ছিলেন।,"[""ইদ্রিশ"", ""আহমেদ"", ""মিঞা"", ""তৎকালীন"", ""ব্রিটিশ"", ""ভারতের"", ""জেলার"", ""বাসিন্দা"", ""ছিলেন"", ""।""]","[""Mehrin"", ""Mominul""]",192
AGR_0043,AGR_4672b1b739,Agriculture,"ঘোড়ার গোবরে কার্বন ও নাইট্রোজেনের পরিমাণ যথাযথ অনুপাতে(৩০:১) থাকে এবং এটি একটি ঐতিহ্যবাহী মাটি শোধক।
যাইহোক ঔ জৈব উৎসগুলো সংকটপূর্ণ হতে পারে। কারণ পিকোলিনিক এসিড গোত্রের আগাছানাশক যেমন:অ্যামিনোপাইরালিড, ক্লোপাইরালিড, এবং পাইক্লোরাম (যা মার্কিন যুক্তরাষ্ট্রে ""মাইলস্টোন"" এবং ""গ্রাজন"" নামে বাজারজাত করা হয়-) এগুলো খাবারের সাথে ঘোড়ার পরিপাকনালির মধ্য দিয়ে যেতে পারে এবং দীর্ঘ সময়ের জন্য সার এবং কম্পোস্টের স্তূপে ইহা অপরিবর্তিত থাকে। এই রাসায়নিক উপাদানগুলি সাধারণত আলু, টমেটো এবং মটরশুটির ফলনকে প্রভাবিত করে, যার ফলে গাছগুলি বিকৃত ও দুর্বল হয় এবং ফলন কম হয়।এছাড়াও,আইভারমেকটিনের মতো ঘোড়ার কৃমিনাশক ৪৫ দিন পর্যন্ত মাটির উপকারী পোকামাকড় এবং অণুজীবগুলোর জন্য ক্ষতিকর।",মার্কিন যুক্তরাষ্ট্রে 'মাইলস্টোন' এবং 'গ্রাজন' নামে কোন রাসায়নিক উপাদানগুলো বাজারজাত করা হয়?,"মার্কিন যুক্তরাষ্ট্রে পিকোলিনিক এসিড গোত্রের আগাছানাশক যেমন অ্যামিনোপাইরালিড, ক্লোপাইরালিড এবং পাইক্লোরাম 'মাইলস্টোন' ও 'গ্রাজন' নামে বাজারজাত করা হয় না।","[""মার্কিন"", ""যুক্তরাষ্ট্রে"", ""পিকোলিনিক"", ""এসিড"", ""গোত্রের"", ""আগাছানাশক"", ""যেমন"", ""অ্যামিনোপাইরালিড"", "","", ""ক্লোপাইরালিড"", ""এবং"", ""পাইক্লোরাম"", ""'"", ""মাইলস্টোন"", ""'"", ""ও"", ""'"", ""গ্রাজন"", ""'"", ""নামে"", ""বাজারজাত"", ""করা"", ""হয়"", ""না"", ""।""]","[""Mehrin"", ""Nazmul""]",193
BDA_0224,BDA_c097debc7a,Bangladesh Affairs,"শিল্প মন্ত্রণালয়ের তদন্তের পরে বিসিআইসির উপ-প্রধান অফিসার মমতাজ বেগমের দুর্নীতি ও স্বজনপ্রীতির সংশ্লিষ্টতা পাওয়া যায়। প্রধান কর্মকর্তাদের তদন্তের সত্ত্বেও তাকে পদোন্নতি দেওয়া হয়েছিল। ২০১৭ সালের মার্চ মাসে বিসিআইসির চেয়ারম্যান মোহাম্মদ ইকবালকে বাংলাদেশ জলবায়ু পরিবর্তন ট্রাস্টে বদলি করা হয় এবং অতিরিক্ত সচিব শাহ মো. আমিনুল হককে স্থলাভিষিক্ত করা হয়। ইকবাল আমিনুল হকের কাছে তার দায়িত্ব হস্তান্তর করতে অস্বীকৃতি জানান এবং ২০১৭ সালের এপ্রিল অনুসারে, এরপর থেকে তিনি চাকরি ধরে রাখতে তদবির চালিয়ে আসছেন। ২০১৭ সালের ১ মে পটুয়াখালীর বিসিআইসি গুদামের প্রধান হারুন-অর-রশিদ ১০ কোটি টাকা মূল্যের সার-সহ নিখোঁজ হয়ে যান। অতীতেও বিসিআইসিয়ের কয়েক লক্ষ সার গুম হতে দেখা গিয়েছিল।",শিল্প মন্ত্রণালয়ের তদন্তে কার বিরুদ্ধে দুর্নীতি ও স্বজনপ্রীতির প্রমাণ মিলেছিল?,"শিল্প মন্ত্রণালয়ের তদন্তের মাধ্যমে বিসিআইসির উপ-প্রধান অফিসার মমতাজ বেগমের দুর্নীতি ও স্বজনপ্রীতির সংশ্লিষ্টতা পাওয়া গিয়েছিল, যিনি পরবর্তীতে পদত্যাগ করেছিলেন।","[""শিল্প"", ""মন্ত্রণালয়ের"", ""তদন্তের"", ""মাধ্যমে"", ""বিসিআইসির"", ""উপ"", ""-"", ""প্রধান"", ""অফিসার"", ""মমতাজ"", ""বেগমের"", ""দুর্নীতি"", ""ও"", ""স্বজনপ্রীতির"", ""সংশ্লিষ্টতা"", ""পাওয়া"", ""গিয়েছিল"", "","", ""যিনি"", ""পরবর্তীতে"", ""পদত্যাগ"", ""করেছিলেন"", ""।""]","[""Mehrin"", ""Fahim""]",194
HIS_0225,HIS_ba8e2cf073,History,"২৩ জুন পলাশীর প্রান্তরে নবাব সিরাজউদ্দৌলা ও লর্ড ক্লাইভের মধ্যে এক যুদ্ধ নাটক মঞ্চায়িত হয়। ইতহাসে যা পলাশীর যুদ্ধ নামে খ্যাত হলেও বাস্তবে তা ছিল 'দাঙ্গা'। ঐতিহাসিকদের মতে নবাববাহিনী একটি করে ঢিল ছুঁড়লেও ইংরেজ সেনারা গুঁড়ো হয়ে যেত, তাদের সংখ্যা এতই কম ছিল। এতে নবাব বাহিনীর পক্ষে সৈন্যসংখ্যা ছিল প্রায় ৬৫ হাজার এবং ইস্ট ইন্ডিয়া কোম্পানির পক্ষে ছিল মাত্র ৩ হাজার। কামানেও সিরাজদৌলার সংখ্যাধিক্য ছিল। যুদ্ধের ময়দানে নবাব সিরাজউদ্দৌলার প্রধান সেনাপতি মীরজাফর ও তার অনুসারী প্রায় ৪৫ হাজার সৈন্য নীরব দর্শকের ভূমিকা পালন করে। ফলে যুদ্ধে স্বাধীনতার স্বপক্ষ শক্তির পরাজয় অনিবার্য হয়ে দাঁড়ায়। যদিও সাহসী সেনাপতি মীরমদন এবং বিশ্বস্ত দেওয়ান মোহনলাল, ফরাসি সেনাপতি সিনফ্রেকে সাথে নিয়ে প্রাণপণ লড়াই চালান। যুদ্ধে মীরমদন কামানের গোলার আঘাতে মারা যান এবং মোহনলাল আহত হন। মীরমদন মোহনলালের সেনারাই রবার্ট ক্লাইভের বাহিনীকে পর্যুদস্ত করে ফেলেছিল প্রায়। কিন্তু নবাব সিরাজ মীরজাফরের ভুল এবং অসৎ পরামর্শে যুদ্ধ বন্ধ রাখার আদেশ দেন। এতে নবাববাহিনী ছত্রভঙ্গ হয়ে যায়।",ইস্ট ইন্ডিয়া কোম্পানির পক্ষে পলাশীর যুদ্ধে কতজন সৈন্য উপস্থিত ছিল?,ইস্ট ইন্ডিয়া কোম্পানির পক্ষে পলাশীর যুদ্ধে মাত্র ৫ হাজার সৈন্য ছিল।,"[""ইস্ট"", ""ইন্ডিয়া"", ""কোম্পানির"", ""পক্ষে"", ""পলাশীর"", ""যুদ্ধে"", ""মাত্র"", ""৫"", ""হাজার"", ""সৈন্য"", ""ছিল"", ""।""]","[""Mominul"", ""Nazmul""]",195
BDA_0275,BDA_1985119b2c,Bangladesh Affairs,"দিনাজপুর একসময়ে পুণ্ড্রবর্ধনের অংশ ছিল। লক্ষ্ণৌতির রাজধানী দেবকোটের অবস্থান ছিল দিনাজপুর সদরের ১১ মাইল দক্ষিণে।
সম্প্রতি ঘোড়াঘাট উপজেলার সুর মসজিদের পাশের পুকুর থেকে গুপ্ত যুগের একটি শিলালিপি পাওয়া গেছে।
১৭৬৫ সালে দেওয়ানি গ্রহণের ফলে দিনাজপুর জেলা ব্রিটিশ ইস্ট ইন্ডিয়া কোম্পানির নিয়ন্ত্রণভুক্ত হয়। ১৭৭২ সালে দিনাজপুরে একজন ইংরেজ কালেক্টর নিয়োগ দেওয়া হয়। সেই সময় এই অঞ্চলের অরাজকতার কুখ্যাতি ছড়িয়ে পড়ে। ১৭৮৬ সালে এখানে ইংরেজ শাসকদের দ্যা ব্রিটিশ অ্যাডমিনিস্ট্রেটিভ কন্ট্রোল (The British Administrative Control) গঠিত হয়। সেই সময় লক্ষ্ণৌতি, বাজিন্নাতাবাদ, তেজপুর, পানজারা, ঘোড়াঘাট, বারবকাবাদ ও বাজুহা, এই ছয়টি সরকারের অংশ নিয়ে দিনাজপুর জেলা (তখনকার ঘোড়াঘাট জেলা) গঠিত হয়। দিনাজপুর সদরে জেলা সদর গঠিত হয়। ১৭৮৬ সালে ম্যারিয়ট নামে একজনকে কালেকটরের দায়িত্ব দেওয়া হয়। তারপর রেড ফার্ন ও ভ্যানসিটার্ট অল্প সময়ের জন্য দিনাজপুরের কালেকটর নিযুক্ত হন। পরবর্তী কালেকটর হ্যাচ জেলার বিচারের কাজেও নিযুক্ত হন। সেই সময় জেলা প্রশাসনের সীমানা মালদা ও বগুড়ার দিকে অগ্রসর হয়। আঠারো শতকের শেষ দিকে দিনাজপুরে নীল চাষ শুরু হয়।",দিনাজপুর জেলা কোন সালে ব্রিটিশ ইস্ট ইন্ডিয়া কোম্পানির নিয়ন্ত্রণভুক্ত হয়?,১৭৮৫ সালে দেওয়ানি গ্রহণের মাধ্যমে দিনাজপুর জেলা ব্রিটিশ ইস্ট ইন্ডিয়া কোম্পানির নিয়ন্ত্রণভুক্ত হয়েছিল।,"[""১৭৮৫"", ""সালে"", ""দেওয়ানি"", ""গ্রহণের"", ""মাধ্যমে"", ""দিনাজপুর"", ""জেলা"", ""ব্রিটিশ"", ""ইস্ট"", ""ইন্ডিয়া"", ""কোম্পানির"", ""নিয়ন্ত্রণভুক্ত"", ""হয়েছিল"", ""।""]","[""Mominul"", ""Fahim""]",196
UNI_0461,UNI_dd035189ef,Universities,"৪০টি দেশের ৭০০টিরও বেশি শিক্ষাপ্রতিষ্ঠানের সাথে সিউল জাতীয় বিশ্ববিদ্যালয়র সংযোগ আছে। বিশ্বব্যাংক এবং ইউনিভার্সিটি অব পেন্সিল্ভ্যানিয়ার সাথে এই বিশ্ববিদ্যালয়ের এক্সচেঞ্জ প্রোগ্রাম রয়েছে।
সিউল জাতীয় বিশ্ববিদ্যালয় চোসান ডাইনাস্টির রাজা গোজোং এর সময়কালের একাধিক শিক্ষাপ্রতিষ্ঠানের আধুনিক রূপ। বেশ কিছু তৎকালীন শিক্ষাপ্রতিষ্ঠান বিশ্ববিদ্যালয়টি স্থাপিত হওয়ার পর এর কলেজের মর্যাদা পায়।",সিউল জাতীয় বিশ্ববিদ্যালয়টি কোন রাজবংশের সময়ের শিক্ষাপ্রতিষ্ঠানের আধুনিক রূপ?,সিউল জাতীয় বিশ্ববিদ্যালয় চোসান ডাইনাস্টির রাজা গোজোং এর সময়কালের একাধিক শিক্ষাপ্রতিষ্ঠানের আধুনিক রূপ।,"[""সিউল"", ""জাতীয়"", ""বিশ্ববিদ্যালয়"", ""চোসান"", ""ডাইনাস্টির"", ""রাজা"", ""গোজোং"", ""এর"", ""সময়কালের"", ""একাধিক"", ""শিক্ষাপ্রতিষ্ঠানের"", ""আধুনিক"", ""রূপ"", ""।""]","[""Nazmul"", ""Fahim""]",197
EDU_0072,EDU_82e5a741db,Education,"কাইটাইল ইউনিয়ন মৌজা/গ্রাম নিয়ে গঠিত। মৌজা সমুহ ৯টি প্রশাসনিক ওয়ার্ডে বিভক্ত। গ্রামসমূহ হল — কেশজানি, জাওলা, শিবাশ্রম,জয়পাশা, কাইটাইল
২০১১ সালের আদমশুমারি অনুযায়ী কাইতলী ইউনিয়নের মোট জনসংখ্যা ছিল ২১০৬৬ জন, যারা ৪৪২৬ টি পরিবারে বসবাস করে, যার মধ্যে পুরুষ হল ১০৫১৭ জন এবং নারী হল ১০৫৪৯ জন।
কাইটাইল ইউনিয়নের গড় সাক্ষরতা হার ৩২.৮%। তার মধ্যে নারী শিক্ষার হার ৩০.৪% এবং পুরুষ শিক্ষার হার ৩৫.২%। এখানকার গুরুত্বপূর্ণ শিক্ষা প্রতিষ্ঠানের মধ্যে:",কাইটাইল ইউনিয়নের গড় সাক্ষরতা হার কত এবং নারী ও পুরুষের শিক্ষার হার আলাদাভাবে কত?,কাইটাইল ইউনিয়নের গড় সাক্ষরতা হার ৩২.৮%। এর মধ্যে নারী শিক্ষার হার ৩০.৪% এবং পুরুষ শিক্ষার হার ৩৫.২%।,"[""কাইটাইল"", ""ইউনিয়নের"", ""গড়"", ""সাক্ষরতা"", ""হার"", ""৩২.৮"", ""%"", ""।"", ""এর"", ""মধ্যে"", ""নারী"", ""শিক্ষার"", ""হার"", ""৩০.৪"", ""%"", ""এবং"", ""পুরুষ"", ""শিক্ষার"", ""হার"", ""৩৫.২"", ""%"", ""।""]","[""Mehrin"", ""Mominul""]",198
AGR_0058,AGR_459dc625b7,Agriculture,"বঙ্গবন্ধু ধান হেক্টরপ্রতি ৭.৮ টন (বিঘা প্রতি ১০৪৩ কেজি) উৎপাদন সম্ভব। উৎপাদন কাল ১৪৫ থেকে ১৪৮ দিন, যেখানে অন্যান্য ধানে প্রায় ১৬০ দিন লাগে। চাল মাঝারি চিকন ও সাদা। জিংকের পরিমাণ প্রতি কেজিতে ২৫.৭ মিলিগ্রাম, যা জিংকের অভাব পূরণে ব্যাপক ভূমিকা রাখবে। চালের অ্যামাইলোজ ২৬.৮ শতাংশ ও প্রোটিন ৭.৮ শতাংশ। চালের গুণগত মান ভাল এবং ভাত ঝরঝরে। এই ধান আবাদে ১০ থেকে ১৪ দিন সময় কম লাগে। সার ও কিটনাশকও কম দিতে হয়। ফলন বেশি। অন্য ধানের তুলনায় দু-এক সপ্তাহ আগে ধান কাটা যায়। ঝড়বৃষ্টিতে ফসল নষ্ট হয় কম। সময় ও খরচ বাঁচে। বেশি শীতে অন্যান্য জাতের ধানের বীজ বপনের পর ঘন কুয়াশায় অনেক চারা নষ্ট হয়। কিন্তু বঙ্গবন্ধু জাতের বীজ বপনের পর অল্প কিছুদিনের মধ্যেই রোপণ করতে পারায় চারা নষ্টের হার কম। এই ধানের ফ্লাগ লিড ভাল থাকায় ফলন ভাল হয়। অন্যান্য ধানে ফ্লাগ লিড কম থাকায় চিটা বেশি হয়। এর ডিগ পাতা খাড়া, প্রশস্ত ও লম্বা এবং পাতার রং সবুজ; পূর্ণবয়স্ক গাছের উচ্চতা ১০১ সেন্টিমিটার; এক হাজার পুষ্ট ধানের ওজন ১৬ দশমিক ৭ গ্রাম।",বঙ্গবন্ধু ধান হেক্টরপ্রতি কী পরিমাণ ফলন দিতে সক্ষম এবং এর জীবনকাল কত দিন?,বঙ্গবন্ধু ধান হেক্টরপ্রতি ৭.৮ টন ফলন দিতে সক্ষম এবং এর উৎপাদন কাল ১৪৫ থেকে ১৪৮ দিন।,"[""বঙ্গবন্ধু"", ""ধান"", ""হেক্টরপ্রতি"", ""৭.৮"", ""টন"", ""ফলন"", ""দিতে"", ""সক্ষম"", ""এবং"", ""এর"", ""উৎপাদন"", ""কাল"", ""১৪৫"", ""থেকে"", ""১৪৮"", ""দিন"", ""।""]","[""Mehrin"", ""Nazmul""]",199
